Last login: Wed Apr  6 13:32:59 on ttys000macpa431-03:~ melissanelson$ /Users/melissanelson/Downloads/stanford-ner-2015-12-09/ner-gui.command ; exit;Loading classifier from /Users/melissanelson/Downloads/stanford-ner-2015-12-09/classifiers/english.all.3class.distsim.crf.ser.gz ... done [1.9 sec].content type: text/rtf"Apr 06, 2016 2:51:03 PM edu.stanford.nlp.process.PTBLexer next""WARNING: Untokenizable: ð (U+FFFD, decimal: 65533)"LOCATION: BuckinghamshireLOCATION: 0LOCATION: 0ORGANIZATION: NewcastlePERSON: TyneLOCATION: FranceLOCATION: AthensLOCATION: UMR BIPARLOCATION: ParisLOCATION: FranceLOCATION: AthensLOCATION: GreeceLOCATION: 0LOCATION: GlasgowLOCATION: ScotlandLOCATION: ParisLOCATION: LiegeLOCATION: BelgiumLOCATION: BristolLOCATION: EnglandLOCATION: SkopjeLOCATION: MacedoniaLOCATION: FranceLOCATION: IrelandLOCATION: BangkokLOCATION: ThailandLOCATION: LyonLOCATION: FranceLOCATION: KolkataLOCATION: IndiaORGANIZATION: Kirkton & Auchtertyre FarmsLOCATION: GermanyLOCATION: BostonLOCATION: CambridgeLOCATION: UKLOCATION: GlasgowLOCATION: CambridgeLOCATION: EnglandORGANIZATION: Taunton PlaceLOCATION: LondonLOCATION: UKLOCATION: North East EnglandLOCATION: LondonLOCATION: BrisbaneLOCATION: AustraliaLOCATION: Purgatory.LOCATION: TurkeyLOCATION: TurkeyORGANIZATION: LilleLOCATION: ParisLOCATION: BrusselsLOCATION: BelgiumLOCATION: NorwichLOCATION: UKLOCATION: East Bay"ORGANIZATION: Tristram, Falmer"LOCATION: BrightonLOCATION: UKLOCATION: BerlinLOCATION: IndianaLOCATION: GalwayORGANIZATION: City UniversityLOCATION: LondonLOCATION: ManchesterLOCATION: UKORGANIZATION: Todmorden & ManchesterLOCATION: HamburgLOCATION: CenturionLOCATION: South AfricaLOCATION: EarthORGANIZATION: Worldwide - HQLOCATION: LiverpoolLOCATION: HannoverLOCATION: BlacksburgORGANIZATION: VALOCATION: SheffieldLOCATION: UKLOCATION: ColombiaLOCATION: IndonesiaLOCATION: EghamLOCATION: SurreyLOCATION: TokyoLOCATION: JapanLOCATION: SpainLOCATION: HampshireLOCATION: EnglandLOCATION: germanyLOCATION: BristolLOCATION: BerlinLOCATION: BelfastLOCATION: Northern IrelandLOCATION: SachsenLOCATION: DeutschlandLOCATION: LeipzigLOCATION: OxfordLOCATION: United KingdomORGANIZATION: Lille & ParisORGANIZATION: KarlsruheLOCATION: FranceLOCATION: ParisLOCATION: FreiburgLOCATION: BreisgauPERSON: Hernan Buitrago RamirezLOCATION: BerkeleyLOCATION: CALOCATION: FalmerLOCATION: BrightonORGANIZATION: ATLPERSON: KielLOCATION: HamburgLOCATION: DentonLOCATION: TexasLOCATION: USA"ORGANIZATION: University of North Texas, Falmer"ORGANIZATION: East SussexLOCATION: UKLOCATION: NetherlandsLOCATION: FalmerORGANIZATION: SussexLOCATION: UKORGANIZATION: BayernPERSON: DentonLOCATION: TXLOCATION: ArlingtonLOCATION: TXLOCATION: ParisLOCATION: FranceORGANIZATION: University LibraryLOCATION: AmiensPERSON: PicardiePERSON: BourgesLOCATION: ParisPERSON: QuLOCATION: AustraliaLOCATION: ReimsLOCATION: Champagne-ArdenneLOCATION: DurhamLOCATION: EnglandLOCATION: LilleLOCATION: FrancePERSON: HullLOCATION: EnglandLOCATION: Portugal"ORGANIZATION: The University of Sheffield, Depok"ORGANIZATION: INALOCATION: LiverpoolLOCATION: EnglandLOCATION: SheffieldORGANIZATION: SouthamptonPERSON: PrestonORGANIZATION: LancashireLOCATION: UKLOCATION: BuckinghamshirePERSON: PrestonLOCATION: LancashirePERSON: BozemanLOCATION: BuckinghamshireLOCATION: BuckinghamshireLOCATION: BaselLOCATION: SwitzerlandLOCATION: BaselLOCATION: SwitzerlandLOCATION: UKLOCATION: LondonLOCATION: FranceLOCATION: TampaLOCATION: FLPERSON: PrestonLOCATION: LancashireLOCATION: UKORGANIZATION: NewcastleLOCATION: UKPERSON: Whitley BayLOCATION: EnglandLOCATION: FranceLOCATION: ParisLOCATION: ParisLOCATION: FranceLOCATION: ToulouseLOCATION: BrestLOCATION: MeudonLOCATION: FranceLOCATION: New York CityORGANIZATION: Brunel UniversityLOCATION: LondonLOCATION: EdinburghLOCATION: PoitiersLOCATION: DakarLOCATION: LondonLOCATION: UKLOCATION: LondonLOCATION: EnglandLOCATION: CambridgeLOCATION: UK"ORGANIZATION: Fort Collins, CO"LOCATION: BrightonLOCATION: EnglandLOCATION: FranceLOCATION: BuckinghamshireLOCATION: SheffieldLOCATION: EnglandLOCATION: EULOCATION: BuckinghamshireLOCATION: DallasPERSON: HoustnLOCATION: MacedoniaLOCATION: ScotlandORGANIZATION: St John's HillLOCATION: LondonLOCATION: UKLOCATION: BuckinghamshireLOCATION: ParisLOCATION: Riyadh - DubaiLOCATION: USALOCATION: EuropeLOCATION: ReimsPERSON: Champagne-ArdenneORGANIZATION: LeedsLOCATION: EnglandLOCATION: LondonLOCATION: EnglandLOCATION: BuckinghamshireLOCATION: BuckinghamshireLOCATION: United KingdomLOCATION: 0LOCATION: PerthLOCATION: Paris BangorLOCATION: New YorkLOCATION: NYLOCATION: BristolLOCATION: FranceLOCATION: MidwestLOCATION: USALOCATION: ConnecticutORGANIZATION: Cambridge MALOCATION: BuckinghamshireLOCATION: 0LOCATION: 0LOCATION: DentonLOCATION: TexasLOCATION: ArlingtonLOCATION: TXLOCATION: 0LOCATION: 0LOCATION: Grand RapidsORGANIZATION: University of North TexasLOCATION: DentonLOCATION: TexasLOCATION: USAPERSON: DentonLOCATION: TXLOCATION: DentonLOCATION: TexasLOCATION: BarcelonaLOCATION: SpainLOCATION: FranceLOCATION: FranceLOCATION: FranceLOCATION: HilversumLOCATION: LondonLOCATION: BuckinghamshireLOCATION: SarasotaLOCATION: FLLOCATION: FranceLOCATION: GlasgowLOCATION: AvignonLOCATION: FranceLOCATION: BerlinLOCATION: FranceLOCATION: DCLOCATION: BostonLOCATION: BuckinghamshireLOCATION: MalaysiaLOCATION: LONDON UKLOCATION: LondonLOCATION: NetherlandsLOCATION: KyotoLOCATION: JapanPERSON: IzcalliLOCATION: LondonLOCATION: GenevaLOCATION: HobokenLOCATION: LondonLOCATION: England"LOCATION: Washington, DC"LOCATION: United StatesLOCATION: LondonLOCATION: IndiaLOCATION: BuckinghamshireLOCATION: BordeauxLOCATION: IbadanORGANIZATION: Oyo StateLOCATION: NigeriaLOCATION: Rocky MountainsLOCATION: 0LOCATION: PittsburghLOCATION: BuckinghamshireLOCATION: SomervilleLOCATION: LondonLOCATION: UKLOCATION: LondonLOCATION: AmsterdamORGANIZATION: NLLOCATION: EnglandLOCATION: UKORGANIZATION: Anglia Ruskin UniversityLOCATION: EnglandPERSON: SheffieldLOCATION: FranceLOCATION: GermanyLOCATION: UKORGANIZATION: Sioux FallsLOCATION: South DakotaLOCATION: USAORGANIZATION: SFOLOCATION: United StatesLOCATION: SydneyLOCATION: AustraliaLOCATION: BuckinghamshireLOCATION: FranceLOCATION: MarseilleLOCATION: FrancePERSON: Nantaise ðð ParisLOCATION: LyonLOCATION: FranceLOCATION: ParisLOCATION: LondonLOCATION: EnglandLOCATION: KingstonLOCATION: WALOCATION: WalesLOCATION: United KingdomLOCATION: LondonLOCATION: BristolLOCATION: NamurLOCATION: BelgiumLOCATION: LondonLOCATION: UKLOCATION: DublinLOCATION: IrelandLOCATION: SpringfieldLOCATION: MissouriLOCATION: USORGANIZATION: GlobalLOCATION: 0LOCATION: EuropeLOCATION: FrancePERSON: RochaLOCATION: UruguayLOCATION: South AfricaLOCATION: SomervilleLOCATION: BostonLOCATION: BerlinLOCATION: Potomac FallsLOCATION: VirginiaLOCATION: CharlottesvilleLOCATION: VALOCATION: ParisPERSON: MetzLOCATION: FranceLOCATION: FranceLOCATION: Potomac FallsLOCATION: VirginiaLOCATION: ViennaLOCATION: AustriaORGANIZATION: SchillerplatzPERSON: WienLOCATION: ViennaLOCATION: BuckinghamshireLOCATION: BerlinLOCATION: BerlinLOCATION: BostonLOCATION: San FranciscoLOCATION: BarcelonaLOCATION: San FranciscoLOCATION: BerlinLOCATION: GermanyLOCATION: OxfordshireLOCATION: LondonLOCATION: UKLOCATION: ChicagoLOCATION: MedfordLOCATION: 0LOCATION: BerlinLOCATION: GermanyLOCATION: BuckinghamshirePERSON: Den HaagLOCATION: NetherlandsLOCATION: LondonPERSON: MontrPERSON: QuLOCATION: 0LOCATION: SkopjeLOCATION: MacedoniaORGANIZATION: London & OxfordLOCATION: UKORGANIZATION: EindhovenLOCATION: NetherlandsPERSON: DavisLOCATION: BelgiumLOCATION: ParisLOCATION: VersaillesLOCATION: FranceLOCATION: ParisPERSON: BourgesLOCATION: ParisLOCATION: FranceLOCATION: LondonLOCATION: CroatiaLOCATION: SydneyLOCATION: AustraliaLOCATION: BuckinghamshireLOCATION: DarnestownLOCATION: 0LOCATION: 0LOCATION: IrelandLOCATION: WaterlooLOCATION: 0LOCATION: BuckinghamshireLOCATION: Potomac FallsLOCATION: VirginiaLOCATION: 0LOCATION: 0LOCATION: GermanyLOCATION: NetherlandsLOCATION: BerkeleyLOCATION: CALOCATION: USALOCATION: OxfordLOCATION: EnglandLOCATION: StockholmLOCATION: SwedenLOCATION: Earth.LOCATION: RichlandLOCATION: WALOCATION: MadridLOCATION: LondonLOCATION: EnglandLOCATION: LondonLOCATION: AustraliaLOCATION: CharlottesvilleORGANIZATION: VAORGANIZATION: ATLLOCATION: PittsburghLOCATION: RussiaLOCATION: BuckinghamshireLOCATION: BuckinghamshireLOCATION: BristolLOCATION: UKLOCATION: New HampshireLOCATION: USALOCATION: MexicoLOCATION: FranceORGANIZATION: Around the WorldLOCATION: ParisLOCATION: BarcelonaLOCATION: SpainLOCATION: CambridgeLOCATION: UKORGANIZATION: ISSN InternatLOCATION: ParisLOCATION: MontevideoLOCATION: UruguayLOCATION: DakarLOCATION: StockholmLOCATION: SwedenLOCATION: DakarLOCATION: BuckinghamshireLOCATION: BuckinghamshireLOCATION: LondonLOCATION: EnglandLOCATION: BuckinghamshireORGANIZATION: SouthamptonLOCATION: The HagueLOCATION: South HollandLOCATION: United KingdomLOCATION: BerlinLOCATION: GermanyLOCATION: SydneyLOCATION: AustraliaLOCATION: BelgiumORGANIZATION: Keele & BangorLOCATION: SeattleLOCATION: WALOCATION: BuckinghamshireLOCATION: GermanyORGANIZATION: LeedsLOCATION: UKLOCATION: PoitiersLOCATION: New YorkLOCATION: NYLOCATION: AmsterdamLOCATION: PhiladelphiaORGANIZATION: PALOCATION: KuchingLOCATION: SarawakLOCATION: MalaysiaLOCATION: GermanyLOCATION: DresdenLOCATION: UKLOCATION: United KingdomLOCATION: EuropeLOCATION: 0LOCATION: 0LOCATION: BuckinghamshireLOCATION: CaliforniaLOCATION: EdinburghLOCATION: BerlinLOCATION: BostonLOCATION: San FranciscoORGANIZATION: Barack O TownPERSON: WileyLOCATION: SydneyLOCATION: New South WalesPERSON: AmesLOCATION: IowaLOCATION: ChicagoLOCATION: LondonORGANIZATION: St AndrewsPERSON: FifeLOCATION: ScotlandLOCATION: LondonLOCATION: IowaORGANIZATION: NortheastLOCATION: BuckinghamshireORGANIZATION: NYC  SF  Seattle  LawrenceLOCATION: TallahasseeLOCATION: FLLOCATION: OstravaLOCATION: Czech RepublicLOCATION: VirginiaLOCATION: USAORGANIZATION: InternationalORGANIZATION: Porto Alegre - RSLOCATION: MidwestLOCATION: USALOCATION: DentonLOCATION: TexasLOCATION: ArlingtonLOCATION: TXPERSON: GuillORGANIZATION: CulhuacLOCATION: LondonLOCATION: United KingdomLOCATION: BrooklynLOCATION: NYLOCATION: CuritibaLOCATION: AucklandLOCATION: NZLOCATION: New DelhiLOCATION: IndiaLOCATION: IndiaLOCATION: MiamiLOCATION: FLLOCATION: UkraineORGANIZATION: RomaLOCATION: New YorkLOCATION: NYLOCATION: BuckinghamshireLOCATION: ParisORGANIZATION: Universitðð ParisLOCATION: ParisLOCATION: FranceLOCATION: SenegalLOCATION: BeninLOCATION: TogoLOCATION: EarthLOCATION: LaniakeaLOCATION: BuckinghamshireLOCATION: CyberspaceLOCATION: LondonLOCATION: MalaysiaLOCATION: MichiganLOCATION: USALOCATION: BuckinghamshireLOCATION: 0LOCATION: BuckinghamshireLOCATION: OhioORGANIZATION: BarcelonaLOCATION: SpainPERSON: Sarriðð de TerLOCATION: CatalunyaLOCATION: BaltimoreLOCATION: BuckinghamshireLOCATION: SudanLOCATION: Cape TownLOCATION: LeidenLOCATION: The NetherlandsLOCATION: South AfricaLOCATION: Buenos AiresLOCATION: BerlinLOCATION: NagoyaLOCATION: AichiLOCATION: JapanLOCATION: CuencaORGANIZATION: EspaLOCATION: SpainLOCATION: MadridLOCATION: SpainORGANIZATION: MacclesfieldLOCATION: EnglandLOCATION: The HagueORGANIZATION: UtrechtORGANIZATION: EindhovenLOCATION: NetherlandsLOCATION: NorfolkORGANIZATION: VALOCATION: Zuid-HollandLOCATION: NederlandPERSON: Den HaagLOCATION: NetherlandsORGANIZATION: Santa FeORGANIZATION: NMLOCATION: USALOCATION: ParisLOCATION: OxfordLOCATION: BristolLOCATION: UKORGANIZATION: St Anne's CollegeLOCATION: OxfordLOCATION: HannoverLOCATION: DeutschlandLOCATION: SwitzerlandLOCATION: BucharestLOCATION: Leuven BelgiumPERSON: QuLOCATION: Buckinghamshire"LOCATION: Washington, DC"LOCATION: United StatesLOCATION: UMR BIPARLOCATION: ParisLOCATION: FranceORGANIZATION: State CollegeLOCATION: PennsylvaniaLOCATION: UKLOCATION: Washington DCLOCATION: BrisbaneLOCATION: QueenslandLOCATION: Nova EuropaLOCATION: SydneyLOCATION: AustraliaPERSON: Ann ArborLOCATION: ParisLOCATION: WroclawLOCATION: GdanskLOCATION: LondonLOCATION: 0LOCATION: 0LOCATION: SeattleLOCATION: WALOCATION: BrisbaneLOCATION: AustraliaLOCATION: Leuven BelgiumLOCATION: Raleigh-DurhamLOCATION: WashingtonLOCATION: D.C.LOCATION: SeattleLOCATION: IndiaLOCATION: EnglandLOCATION: United KingdomLOCATION: LondonLOCATION: ArlingtonLOCATION: TXORGANIZATION: BarcelonaLOCATION: QC 0LOCATION: ColchesterLOCATION: UKLOCATION: ParisLOCATION: FranceLOCATION: PisaLOCATION: BuckinghamshireLOCATION: BerlinLOCATION: GermanyLOCATION: LondonLOCATION: EnglandLOCATION: BuckinghamshireORGANIZATION: GroningenLOCATION: UKLOCATION: VirginiaLOCATION: 0LOCATION: BuckinghamshireLOCATION: 0LOCATION: 0PERSON: Uni HospsLOCATION: Morecambe BayLOCATION: Quito-EcuadorLOCATION: TexasLOCATION: USALOCATION: BuckinghamshireLOCATION: LondonLOCATION: EnglandLOCATION: San AntonioLOCATION: TXLOCATION: UKLOCATION: TexasORGANIZATION: U.S.A.LOCATION: BuckinghamshireLOCATION: TXLOCATION: BelgiumLOCATION: Walloon BrabantLOCATION: LondonLOCATION: StockholmPERSON: IkegamiLOCATION: TokyoLOCATION: JapanLOCATION: BuckinghamshirePERSON: YucatLOCATION: LondonLOCATION: UKLOCATION: ViennaLOCATION: AustriaLOCATION: BuckinghamshireLOCATION: EindhovenLOCATION: NetherlandsLOCATION: South WestLOCATION: EnglandLOCATION: BerlinLOCATION: BostonLOCATION: San FranciscoLOCATION: HobartLOCATION: San AntonioLOCATION: TXLOCATION: USALOCATION: Oak GroveLOCATION: TexasLOCATION: TartuLOCATION: BerlinLOCATION: GermanyPERSON: BengaluruLOCATION: KarnatakaLOCATION: IndiaLOCATION: LondonLOCATION: EnglandORGANIZATION: GhentLOCATION: BelgiumLOCATION: JapanORGANIZATION: Imperial College LondonLOCATION: Central AsiaLOCATION: TajikistanLOCATION: BangaloreLOCATION: ParisLOCATION: FrancePERSON: LawrenceORGANIZATION: Kansas USALOCATION: VenezuelaLOCATION: BerlinLOCATION: OxfordLOCATION: UKLOCATION: BarcelonaLOCATION: Aix-en-ProvenceLOCATION: FranceLOCATION: CopenhagenLOCATION: USALOCATION: PhoenixLOCATION: AZLOCATION: GlasgowLOCATION: Washington D.C.LOCATION: PortlandLOCATION: 0LOCATION: BogotLOCATION: ColombiaLOCATION: LancasterLOCATION: EnglandORGANIZATION: DundeeLOCATION: UKLOCATION: StockholmLOCATION: SwedenLOCATION: ParisLOCATION: SydneyLOCATION: AustraliaPERSON: DentonLOCATION: TexasLOCATION: Rio de JaneiroLOCATION: BrasilLOCATION: CologneLOCATION: BuckinghamshireLOCATION: RegensburgLOCATION: CorvallisLOCATION: OregonLOCATION: New YorkLOCATION: NYLOCATION: PhiladelphiaLOCATION: United StatesLOCATION: 0LOCATION: 0LOCATION: BuckinghamshireLOCATION: 0LOCATION: 0LOCATION: 0LOCATION: 0LOCATION: BuckinghamshireORGANIZATION: U0LOCATION: BuckinghamshireLOCATION: IndianapolisLOCATION: USA"LOCATION: Washington, DC"LOCATION: PittsburghLOCATION: CharlottesvilleORGANIZATION: VALOCATION: MadridORGANIZATION: Comunidad de MadridLOCATION: BostonORGANIZATION: MA & WashingtonLOCATION: DCLOCATION: BuckinghamshireLOCATION: OxfordLOCATION: UKLOCATION: StockholmORGANIZATION: SverigePERSON: BurkeORGANIZATION: VALOCATION: BlacksburgLOCATION: VALOCATION: MadridLOCATION: FairfaxLOCATION: VALOCATION: IndianaORGANIZATION: Stanford UniversityLOCATION: NetherlandsLOCATION: AmsterdamORGANIZATION: UtrechtLOCATION: NetherlandsLOCATION: Potomac FallsLOCATION: VirginiaLOCATION: NetherlandsLOCATION: BuckinghamshireORGANIZATION: NLORGANIZATION: EULOCATION: EindhovenLOCATION: NetherlandsLOCATION: DelftLOCATION: TorinoLOCATION: PiemonteLOCATION: SydneyLOCATION: AustraliaLOCATION: NederlandLOCATION: HilversumPERSON: EdeLOCATION: NetherlandsLOCATION: ArlingtonLOCATION: TXLOCATION: TrentoLOCATION: BrusselsLOCATION: BelgiumLOCATION: AmsterdamLOCATION: OstravaLOCATION: Czech RepublicLOCATION: AmsterdamLOCATION: NetherlandsLOCATION: StirlingLOCATION: BuckinghamshireLOCATION: LondonPERSON: HoveLOCATION: UKLOCATION: ViennaLOCATION: AustriaLOCATION: ViennaLOCATION: AustriaLOCATION: ViennaLOCATION: BerlinLOCATION: 0LOCATION: 0LOCATION: ParisLOCATION: FranceORGANIZATION: London & OxfordLOCATION: UKLOCATION: MunichLOCATION: GermanyLOCATION: BuckinghamshireLOCATION: ZurichLOCATION: SwitzerlandLOCATION: UKLOCATION: UKLOCATION: GermanyORGANIZATION: KarlsruheLOCATION: GermanyLOCATION: UKORGANIZATION: National Library of SwedenLOCATION: BarcelonaLOCATION: HannoverLOCATION: NiedersachsenLOCATION: BerlinLOCATION: KnoxvilleLOCATION: ViennaLOCATION: AustriaLOCATION: HannoverLOCATION: GermanyLOCATION: UKORGANIZATION: LeedsLOCATION: UKORGANIZATION: LeedsLOCATION: UKLOCATION: BuckinghamshireLOCATION: RostockLOCATION: United KingdomLOCATION: LondonLOCATION: North EastLOCATION: EnglandLOCATION: UKLOCATION: IthacaLOCATION: HilversumLOCATION: PauloLOCATION: LondonLOCATION: Leuven BelgiumORGANIZATION: The WorldLOCATION: BuckinghamshireLOCATION: RegensburgLOCATION: UMR BIPARLOCATION: ParisLOCATION: FranceLOCATION: HamburgORGANIZATION: CanterburyLOCATION: KentLOCATION: UKLOCATION: CharlottesvilleORGANIZATION: VALOCATION: KlosterneuburgLOCATION: 0LOCATION: 0ORGANIZATION: CagliariORGANIZATION: Lyon - CRNLLOCATION: ArlingtonLOCATION: TXLOCATION: ViennaLOCATION: AtlantaLOCATION: GeorgiaLOCATION: BerkeleyLOCATION: GermanyLOCATION: StockholmLOCATION: LondonLOCATION: UKLOCATION: New YorkLOCATION: NYPERSON: Ann ArborLOCATION: MadridLOCATION: SpainORGANIZATION: AalborgPERSON: Universitat RoviraORGANIZATION: Lancaster UniversityLOCATION: UKLOCATION: ParisLOCATION: CopenhagenLOCATION: BarcelonaLOCATION: BelgiumLOCATION: Walloon BrabantLOCATION: 0LOCATION: 0LOCATION: MalaysiaLOCATION: SingaporeLOCATION: OsloLOCATION: NorwayLOCATION: BonnLOCATION: GermanyORGANIZATION: RomaLOCATION: BostonLOCATION: MALOCATION: SheffieldLOCATION: UKLOCATION: CaliforniaLOCATION: New HampshireLOCATION: CambridgeLOCATION: ParisLOCATION: FranceLOCATION: BuckinghamshireLOCATION: ParisLOCATION: FranceORGANIZATION: GloucestershireLOCATION: BuckinghamshireLOCATION: New York CityLOCATION: TempeLOCATION: AZLOCATION: IndianapolisLOCATION: WashingtonLOCATION: D.C."LOCATION: Washington, DC"LOCATION: NoVALOCATION: ChicagoLOCATION: AdelaideLOCATION: AustraliaLOCATION: BuckinghamshireLOCATION: IndiaLOCATION: WinnipegLOCATION: LondonLOCATION: New York CityLOCATION: GreeceLOCATION: BuckinghamshireLOCATION: ZurichLOCATION: SwitzerlandLOCATION: SwanseaLOCATION: SalzgitterLOCATION: SaxonyLOCATION: BuckinghamshirePERSON: StirlingLOCATION: ToulouseLOCATION: ParisLOCATION: FranceLOCATION: ParisLOCATION: FranceLOCATION: United KingdomLOCATION: 0LOCATION: SeattleLOCATION: WALOCATION: LondonLOCATION: Potomac FallsLOCATION: VirginiaLOCATION: LondonLOCATION: BuckinghamshireLOCATION: The HagueLOCATION: LondonLOCATION: LondonLOCATION: BelgiumLOCATION: Walloon BrabantLOCATION: BristolLOCATION: UKLOCATION: SydneyLOCATION: New South WalesLOCATION: BuckinghamshireORGANIZATION: PlymouthLOCATION: EnglandLOCATION: BuckinghamshireLOCATION: ParisLOCATION: LondonORGANIZATION: Caltech LibraryORGANIZATION: Intersection Public & DigitalORGANIZATION: LMU MunichORGANIZATION: BarcelonaLOCATION: SpainLOCATION: BuckinghamshireLOCATION: 0LOCATION: 0ORGANIZATION: BarcelonaLOCATION: UKLOCATION: ManchesterLOCATION: LeicesterLOCATION: EnglandLOCATION: FairfaxLOCATION: VALOCATION: DohaLOCATION: LeidenLOCATION: NetherlandsPERSON: HoutenLOCATION: MadridLOCATION: BuckinghamshireLOCATION: Cape TownLOCATION: LondonLOCATION: GermanyLOCATION: CambridgeLOCATION: UKLOCATION: CambridgeLOCATION: UKLOCATION: UKLOCATION: LondonLOCATION: VermontORGANIZATION: LeedsLOCATION: UKLOCATION: GlasgowLOCATION: BelfastORGANIZATION: LiverpoolLOCATION: UKLOCATION: LondonLOCATION: EnglandPERSON: PrestonORGANIZATION: LancashireLOCATION: UKPERSON: PrestonORGANIZATION: LancashireLOCATION: HilversumPERSON: Noord-HollandPERSON: Den HaagLOCATION: OegstgeestLOCATION: NederlandLOCATION: BuckinghamshireLOCATION: ArlingtonLOCATION: TXLOCATION: Grand RapidsLOCATION: LimaLOCATION: ColoradoLOCATION: BuckinghamshireLOCATION: TulsaLOCATION: OklahomaLOCATION: USAORGANIZATION: Colorado & FloridaLOCATION: LondonLOCATION: LondonLOCATION: PretoriaLOCATION: South AfricaLOCATION: Cape TownLOCATION: BuckinghamshireLOCATION: Baden-BadenORGANIZATION: RomaLOCATION: BuckinghamshireLOCATION: Washington DC USALOCATION: AlexandriaLOCATION: VALOCATION: StockholmLOCATION: SwedenLOCATION: StockholmORGANIZATION: SverigeLOCATION: KarlstadLOCATION: SwedenLOCATION: BuckinghamshireLOCATION: BuckinghamshireLOCATION: MarylandLOCATION: U.S.LOCATION: Sierra NevadaPERSON: GranadaLOCATION: SpainLOCATION: TaiwanLOCATION: EuropeLOCATION: BuckinghamshirePERSON: 0LOCATION: 0LOCATION: BuckinghamshireLOCATION: LondonLOCATION: BristolLOCATION: BristolLOCATION: EnglandLOCATION: EnglandLOCATION: LondonLOCATION: UKORGANIZATION: Liverpool John MooresLOCATION: OxfordLOCATION: EnglandLOCATION: South West EnglandLOCATION: BuckinghamshireLOCATION: BuckinghamshireLOCATION: BerlinLOCATION: HU BerlinLOCATION: USALOCATION: BuckinghamshireLOCATION: CambridgeLOCATION: BostonORGANIZATION: Deutschland & UKLOCATION: WinnipegLOCATION: 0LOCATION: BuckinghamshireLOCATION: UKLOCATION: MarylandLOCATION: USALOCATION: StirlingLOCATION: ScotlandLOCATION: SlimbridgeORGANIZATION: GloucestershireORGANIZATION: EULOCATION: BarcelonaLOCATION: EuropeLOCATION: BerlinLOCATION: BarcelonaLOCATION: AthensLOCATION: BrusselsLOCATION: BelgiumLOCATION: La HayaPERSON: Holanda MeridionalLOCATION: TorinoLOCATION: PiemonteLOCATION: AthensLOCATION: GreeceLOCATION: PeruLOCATION: Leuven BelgiumLOCATION: KennesawORGANIZATION: GALOCATION: Buenos AiresLOCATION: Cape TownLOCATION: South AfricaLOCATION: GermanyLOCATION: BuckinghamshireLOCATION: WinnipegLOCATION: 0ORGANIZATION: University of WinnipegLOCATION: UKLOCATION: LondonLOCATION: UKLOCATION: BuckinghamshireLOCATION: SyangjaLOCATION: NepalLOCATION: ManchesterLOCATION: UKLOCATION: UKLOCATION: SpainLOCATION: UppsalaLOCATION: SwedenLOCATION: WiltshireORGANIZATION: OviedoLOCATION: Colorado SpringsLOCATION: COLOCATION: VisbyLOCATION: BuckinghamshireLOCATION: CroatiaLOCATION: CroatiaLOCATION: CroatiaLOCATION: London"LOCATION: Washington, DC"LOCATION: FloridaLOCATION: USALOCATION: BuckinghamshireLOCATION: TuebingenLOCATION: GermanyLOCATION: JapanLOCATION: BerlinLOCATION: DakarLOCATION: DakarLOCATION: BuckinghamshireLOCATION: SenegalLOCATION: PoitiersLOCATION: DakarLOCATION: BuckinghamshireORGANIZATION: MarseilleLOCATION: LondonLOCATION: HelsinkiLOCATION: FinlandLOCATION: HelsinkiLOCATION: SatakuntaLOCATION: FinlandLOCATION: BuckinghamshireLOCATION: HelsinkiLOCATION: FinlandLOCATION: ParisLOCATION: FranceORGANIZATION: MarseilleLOCATION: KarnatakaLOCATION: OxfordLOCATION: EnglandLOCATION: BrazilORGANIZATION: Newcastle Upon TyneLOCATION: EnglandLOCATION: BuckinghamshireLOCATION: LekeitioORGANIZATION: RomaORGANIZATION: University of LiverpoolLOCATION: South AfricaLOCATION: BuckinghamshireLOCATION: CatalunyaORGANIZATION: BarcelonaLOCATION: OhioLOCATION: MelbourneLOCATION: AustraliaLOCATION: SydneyLOCATION: AustraliaLOCATION: AustraliaLOCATION: New ZealandLOCATION: LondonLOCATION: IthacaLOCATION: RussiaLOCATION: RussiaLOCATION: SakhalinLOCATION: Russia"LOCATION: Washington, DC"LOCATION: New YorkLOCATION: NYLOCATION: AthensPERSON: PrestonPERSON: PrestonLOCATION: LancashireLOCATION: UKLOCATION: UkraineORGANIZATION: YorkshireLOCATION: HoustonLOCATION: TXLOCATION: AthensLOCATION: GreeceLOCATION: Washington D.C.LOCATION: 0LOCATION: 0LOCATION: Cape town South AfricaLOCATION: DenverLOCATION: COLOCATION: BuckinghamshireORGANIZATION: LincolnLOCATION: EnglandLOCATION: OxfordLOCATION: UKLOCATION: ParisLOCATION: FranceLOCATION: BuckinghamshireLOCATION: LondonLOCATION: UKORGANIZATION: Brunel UniversityLOCATION: LondonORGANIZATION: Brunel UniversityLOCATION: LondonLOCATION: LondonLOCATION: LondonLOCATION: UKORGANIZATION: University College LondonLOCATION: Exhibition RoadLOCATION: LondonLOCATION: UKLOCATION: UxbridgeLOCATION: LondonLOCATION: BuckinghamshireLOCATION: BostonLOCATION: SingaporeLOCATION: BuckinghamshireORGANIZATION: MarseilleLOCATION: FranceORGANIZATION: NicePERSON: NormandieLOCATION: ParisLOCATION: FranceORGANIZATION: RennesLOCATION: ParisLOCATION: FranceLOCATION: ParisORGANIZATION: Longwood UniversityORGANIZATION: OASLOCATION: SydneyLOCATION: New South WalesLOCATION: BrisbaneORGANIZATION: SouthamptonORGANIZATION: Liverpool Hope LibraryLOCATION: GlasgowPERSON: PrestonLOCATION: LancashireLOCATION: UKLOCATION: BuckinghamshireLOCATION: BerlinLOCATION: PortlandLOCATION: BrooklynLOCATION: NYLOCATION: New YorkLOCATION: 0LOCATION: GermanyLOCATION: SwitzerlandLOCATION: OmahaLOCATION: LyonLOCATION: NigeriaLOCATION: BuckinghamshireLOCATION: BuckinghamshireLOCATION: MyanmarLOCATION: BuckinghamshireLOCATION: UKORGANIZATION: Congress FASTRORGANIZATION: BarcelonaLOCATION: GermanyLOCATION: UKORGANIZATION: TorinoLOCATION: PiemonteLOCATION: LausanneLOCATION: SwitzerlandLOCATION: BuckinghamshireLOCATION: United StatesORGANIZATION: GroningenLOCATION: NetherlandsLOCATION: BuckinghamshirePERSON: PrestonLOCATION: LancashireLOCATION: UKLOCATION: BuckinghamshireORGANIZATION: Aix MarseilleORGANIZATION: PACAORGANIZATION: Environs de LilleLOCATION: BostonORGANIZATION: GlobalLOCATION: New York CityLOCATION: BuckinghamshireLOCATION: 0LOCATION: 0LOCATION: LeidenLOCATION: NetherlandsORGANIZATION: Caltech LibraryLOCATION: CambridgeLOCATION: Long BeachLOCATION: PortlandORGANIZATION: NewcastlePERSON: TyneLOCATION: UK South WestLOCATION: TaconyLOCATION: BrasilLOCATION: GermanyLOCATION: SalamancaLOCATION: SpainLOCATION: SalamancaORGANIZATION: OxfordLOCATION: UKLOCATION: BuckinghamshireLOCATION: LondonLOCATION: EnglandLOCATION: LondonLOCATION: HelsinkiORGANIZATION: SuomiLOCATION: HelsinkiLOCATION: FinlandLOCATION: CambridgeLOCATION: LeidenLOCATION: NetherlandsLOCATION: LeidenORGANIZATION: China EconomiaLOCATION: DakarLOCATION: LeidenLOCATION: NetherlandsLOCATION: LeidenLOCATION: BuckinghamshireLOCATION: PembrokeshireLOCATION: West WalesLOCATION: MassachusettsLOCATION: West SussexLOCATION: UKORGANIZATION: PlymouthLOCATION: UKLOCATION: UKORGANIZATION: PlymouthLOCATION: CornwallLOCATION: UKLOCATION: The SeaLOCATION: Devon.LOCATION: MelbourneLOCATION: AustraliaORGANIZATION: Plymouth UniversityLOCATION: UKLOCATION: United KingdomLOCATION: GermanyLOCATION: GermanyLOCATION: UKLOCATION: HannoverLOCATION: DeutschlandLOCATION: FreiburgLOCATION: BreisgauLOCATION: germanyPERSON: KoelnLOCATION: BerlinLOCATION: Berlin Campus CharlottenburgLOCATION: BerlinPERSON: Milton KeynesLOCATION: EnglandLOCATION: AustraliaLOCATION: FreetownLOCATION: Sierra LeoneLOCATION: AfricaLOCATION: DublinLOCATION: IrelandLOCATION: BuckinghamshireLOCATION: BuckinghamshireLOCATION: St. LouisLOCATION: USALOCATION: DakarLOCATION: AntwerpLOCATION: BelgiumLOCATION: ManhattanLOCATION: BuckinghamshireORGANIZATION: APCLOCATION: ScotlandLOCATION: BuckinghamshireLOCATION: MumbaiLOCATION: IndiaLOCATION: Lagos"LOCATION: Washington, DC"LOCATION: LondonLOCATION: USLOCATION: 0ORGANIZATION: Boston MALOCATION: BuckinghamshirePERSON: PrestonLOCATION: LancashireLOCATION: UKLOCATION: Glasgow"LOCATION: Washington, DC"LOCATION: AmsterdamLOCATION: VantaaLOCATION: FinlandLOCATION: HobokenLOCATION: ParisLOCATION: FranceLOCATION: CambridgeLOCATION: Ameri0LOCATION: FrancePERSON: MadisonLOCATION: ParisORGANIZATION: National Library of SwedenPERSON: PrishtinaLOCATION: BelgradeLOCATION: GrenobleLOCATION: ManhattanLOCATION: NYLOCATION: LondonLOCATION: BuckinghamshireORGANIZATION: LoughboroughLOCATION: UKLOCATION: WashingtonLOCATION: D.C.LOCATION: AmsterdamLOCATION: BoulderLOCATION: ColoradoLOCATION: USAPERSON: ClitheroeLOCATION: UKLOCATION: United StatesLOCATION: HeidelbergLOCATION: ValenciaLOCATION: OhioORGANIZATION: American Geophysical UnionLOCATION: Buenos AiresLOCATION: BarcelonaLOCATION: SenegalLOCATION: RanchiLOCATION: QuitoLOCATION: EcuadorLOCATION: AccraLOCATION: GhanaLOCATION: UKLOCATION: OxfordLOCATION: UKLOCATION: LondonLOCATION: EnglandPERSON: LiPERSON: WallonieORGANIZATION: MinasLOCATION: BerlinLOCATION: BostonLOCATION: San FranciscoLOCATION: OxfordLOCATION: UKLOCATION: LisburnLOCATION: PortstewartORGANIZATION: University of OxfordLOCATION: BelgiumLOCATION: LeuvenLOCATION: BogotLOCATION: ColombiaLOCATION: BerlinORGANIZATION: Brighton & HoveLOCATION: UKLOCATION: WinnipegLOCATION: 0LOCATION: DelftORGANIZATION: TilburgLOCATION: Saint LouisLOCATION: USAORGANIZATION: NiceORGANIZATION: Mississippi State UniversityLOCATION: BerkeleyLOCATION: CALOCATION: USALOCATION: BlacksburgLOCATION: VALOCATION: GermanyLOCATION: BrightonLOCATION: UKLOCATION: LausanneLOCATION: SwitzerlandLOCATION: SouthseaLOCATION: PortsmouthLOCATION: UKLOCATION: StockholmPERSON: de JaneiroLOCATION: Buenos AiresLOCATION: HeidelbergLOCATION: MalaysiaLOCATION: BrooklynLOCATION: BerlinLOCATION: GermanyLOCATION: SlimbridgeLOCATION: GloucestershireLOCATION: CorvallisLOCATION: USALOCATION: DanversORGANIZATION: LeedsLOCATION: EdinburghLOCATION: UKLOCATION: FrancePERSON: AshoverLOCATION: DerbyshirePERSON: BeverleyLOCATION: YorkshireLOCATION: GuildfordORGANIZATION: SurreyLOCATION: UKORGANIZATION: Imperial College LondonLOCATION: BostonLOCATION: MAORGANIZATION: BarcelonaLOCATION: SpainLOCATION: The HagueLOCATION: San FranciscoLOCATION: CAPERSON: DavisLOCATION: CALOCATION: AustraliaLOCATION: SydneyLOCATION: StockholmLOCATION: SwedenLOCATION: 0LOCATION: Nova ScotiaPERSON: ClitheroeLOCATION: GreeceORGANIZATION: InternationalLOCATION: Luxembourg-Germany-BirminghamLOCATION: ViennaLOCATION: New HampshireLOCATION: USALOCATION: LeidenLOCATION: NetherlandsLOCATION: LyonLOCATION: FranceLOCATION: San FranciscoLOCATION: CALOCATION: SheffieldLOCATION: UKLOCATION: GenevaLOCATION: OxfordLOCATION: EnglandLOCATION: Sydney AustraliaLOCATION: CardiffLOCATION: SwitzerlandLOCATION: LyonLOCATION: East coastLOCATION: Australia.LOCATION: United KingdomLOCATION: ParisLOCATION: GlasgowLOCATION: Mountain ViewLOCATION: BruxellesLOCATION: IowaLOCATION: USAPERSON: MadisonLOCATION: WisconsinLOCATION: Leuven BelgiumLOCATION: BrusselsLOCATION: BelgiumLOCATION: ValenciaORGANIZATION: Comunidad ValencianaLOCATION: AtlantaLOCATION: Berlin Campus CharlottenburgLOCATION: AmsterdamORGANIZATION: Boston & OxfordLOCATION: AlexandriaORGANIZATION: VALOCATION: EuropeLOCATION: NewarkLOCATION: 0LOCATION: SyracuseLOCATION: New YorkORGANIZATION: University College CorkLOCATION: 0LOCATION: 0LOCATION: CorvallisLOCATION: HilversumLOCATION: Noord-HollandLOCATION: BostonLOCATION: USALOCATION: ViennaLOCATION: AustriaLOCATION: LeicesterLOCATION: EnglandLOCATION: San DiegoLOCATION: CALOCATION: CambridgeLOCATION: UKLOCATION: PretoriaLOCATION: GanderkeseeLOCATION: GermanyLOCATION: ArgentinaLOCATION: BoiseLOCATION: BostonLOCATION: IdahoLOCATION: 0LOCATION: New YorkLOCATION: NYORGANIZATION: EspaLOCATION: CanberraLOCATION: AuroraLOCATION: NCLOCATION: TorinoLOCATION: PiemonteLOCATION: HaverfordLOCATION: PALOCATION: 0LOCATION: JapanLOCATION: SeattleLOCATION: IowaLOCATION: SylvaniaLOCATION: SingaporeLOCATION: DublinLOCATION: LondonLOCATION: 0ORGANIZATION: University of ExeterLOCATION: UKLOCATION: BarcelonaPERSON: CataluLOCATION: BerlinLOCATION: GermanyORGANIZATION: University of WarwickLOCATION: MexicoLOCATION: GenevaLOCATION: SwitzerlandLOCATION: PoznanLOCATION: PolandLOCATION: HerefordshireORGANIZATION: LilleLOCATION: NetherlandsLOCATION: SalfordLOCATION: ManchesterLOCATION: CaraboboLOCATION: VenezuelaLOCATION: LaonLOCATION: FranceORGANIZATION: Christchurch NZLOCATION: San JoseLOCATION: CaliforniaORGANIZATION: SchillerplatzPERSON: WienLOCATION: PoitiersLOCATION: Central QueenslandLOCATION: AlpineLOCATION: TXORGANIZATION: UWALOCATION: AlabamaLOCATION: USALOCATION: OsloLOCATION: NorwayLOCATION: South KoreaLOCATION: Washington D.C.LOCATION: Canary IslandsLOCATION: SpainLOCATION: LafayetteLOCATION: UKLOCATION: RwandaLOCATION: MalaysiaLOCATION: St LouisPERSON: Chapel HillLOCATION: NCORGANIZATION: UtrechtORGANIZATION: Bhopal & PuneLOCATION: INDIALOCATION: Mill ValleyLOCATION: CALOCATION: KristansandLOCATION: MelbourneLOCATION: 0LOCATION: BrisbaneLOCATION: AustraliaORGANIZATION: University of CambridgePERSON: PrestonORGANIZATION: LancashireLOCATION: UKLOCATION: UKLOCATION: StellenboschLOCATION: RoyalstonLOCATION: MassachusettsLOCATION: USALOCATION: TurinLOCATION: PiedmontPERSON: DarwinLOCATION: AustraliaLOCATION: CambridgeLOCATION: EnglandLOCATION: BrusselsLOCATION: BerlinLOCATION: DeutschlandLOCATION: CaracasLOCATION: New YorkLOCATION: New YorkLOCATION: IrelandLOCATION: 0LOCATION: 0LOCATION: OxfordLOCATION: LondonLOCATION: UKLOCATION: East AfricaLOCATION: TrentoLOCATION: SydneyLOCATION: New South WalesLOCATION: OklahomaLOCATION: USALOCATION: PetershamLOCATION: MelbourneLOCATION: EdinburghORGANIZATION: Caltech LibraryLOCATION: IndiaORGANIZATION: NantesLOCATION: CardiffLOCATION: UKLOCATION: CyberspaceLOCATION: GodalmingLOCATION: EnglandLOCATION: Aix-en-ProvenceLOCATION: FranceORGANIZATION: Cleveland ClinicLOCATION: Buenos AiresLOCATION: ArgentinaORGANIZATION: Louvain-la-NeuveLOCATION: BelgiumLOCATION: PueblaLOCATION: BostonORGANIZATION: GroningenLOCATION: NetherlandsLOCATION: BostonLOCATION: AthensLOCATION: GreeceLOCATION: DhakaORGANIZATION: Orihuela-Elche EspaLOCATION: GhentLOCATION: BelgiumLOCATION: South AfricaLOCATION: Port ElizabethLOCATION: South AfricaLOCATION: Montpellier FranceLOCATION: San DiegoORGANIZATION: City UniversityLOCATION: LondonLOCATION: Beirut-LebanonLOCATION: 0LOCATION: AustraliaLOCATION: Salt Lake CityORGANIZATION: UTLOCATION: London UKLOCATION: MarseilleLOCATION: FranceLOCATION: 0LOCATION: 0ORGANIZATION: Paris & LilleORGANIZATION: Tshwane Ya MamelodiLOCATION: New AlbionLOCATION: USAPERSON: LawrenceLOCATION: WindsorLOCATION: 0LOCATION: 0LOCATION: ItalyLOCATION: 0LOCATION: IrelandLOCATION: Paris Prague Montceau GrenobleLOCATION: BristolLOCATION: MilpitasLOCATION: CaliforniaLOCATION: PrishtinaLOCATION: KosovoLOCATION: MarylandLOCATION: EdinburgLOCATION: TexasLOCATION: EdinburghLOCATION: United KingdomLOCATION: Cape TownLOCATION: South AfricaLOCATION: wellingtonLOCATION: VirginiaLOCATION: USALOCATION: AmersfoortORGANIZATION: UCLLOCATION: PittsburghORGANIZATION: PAORGANIZATION: NSWLOCATION: HelsinkiLOCATION: TempeLOCATION: AZLOCATION: PleasantonLOCATION: CALOCATION: Nose Hill ParkLOCATION: 0LOCATION: CharlottesvilleORGANIZATION: VALOCATION: 0LOCATION: 0LOCATION: AbujaLOCATION: AvignonLOCATION: FranceLOCATION: LondonLOCATION: UKLOCATION: LondonLOCATION: U.K.LOCATION: Nairobi KenyaLOCATION: UKLOCATION: North WalesLOCATION: Rio de JaneiroLOCATION: BrasilLOCATION: PhoenixLOCATION: AZLOCATION: TexasLOCATION: GoldsmithsORGANIZATION: Univ. of LondonLOCATION: 0ORGANIZATION: Northern VirginiaORGANIZATION: Kansas State UniversityLOCATION: DurhamLOCATION: EnglandLOCATION: SF Bay AreaORGANIZATION: Humboldt State UniversityLOCATION: CALOCATION: EnglandLOCATION: United KingdomORGANIZATION: UtrechtLOCATION: NetherlandsLOCATION: CopenhagenLOCATION: FinlandLOCATION: New York CityLOCATION: TampaLOCATION: FLLOCATION: Asia & USALOCATION: BrestORGANIZATION: BolognaLOCATION: ItalyLOCATION: 0LOCATION: 0LOCATION: 0ORGANIZATION: GlobalLOCATION: BogotLOCATION: Colombia.ORGANIZATION: SevillaLOCATION: SpainLOCATION: ColoradoLOCATION: USLOCATION: North AndoverLOCATION: EghamLOCATION: SurreyLOCATION: BelgiLOCATION: AlkmaarLOCATION: OsloPERSON: Milky WayPERSON: Den HaagLOCATION: NetherlandsPERSON: CorbridgeLOCATION: NorthumberlandLOCATION: HoustonLOCATION: TexasLOCATION: JohannesburgLOCATION: South AfricaLOCATION: LondonLOCATION: MelbourneORGANIZATION: Uppsala UniversityLOCATION: SwedenLOCATION: CambridgeLOCATION: RomeLOCATION: BrusselsLOCATION: BogotLOCATION: D.C.LOCATION: ColombiaLOCATION: BurrumbuttockLOCATION: AustraliaPERSON: LiLOCATION: BelgiumLOCATION: AsturiasLOCATION: MadridLOCATION: SpainLOCATION: GlasgowLOCATION: ScotlandORGANIZATION: Manzanares - BarcelonaORGANIZATION: NLLOCATION: LeedsLOCATION: UKLOCATION: Kbh.LOCATION: 0LOCATION: 0ORGANIZATION: Around the WorldLOCATION: MelbourneLOCATION: AustraliaORGANIZATION: Castilla-La ManchaORGANIZATION: EspaLOCATION: FranceLOCATION: ParisLOCATION: CheshireLOCATION: EnglandLOCATION: AachenORGANIZATION: German Cancer Research CenterLOCATION: Santa ClaraLOCATION: CALOCATION: New YorkLOCATION: USALOCATION: BellevueLOCATION: WALOCATION: LilleLOCATION: FranceLOCATION: MunichLOCATION: HonoluluLOCATION: UdaipurLOCATION: IndiaLOCATION: GainesvilleLOCATION: FloridaLOCATION: USA.LOCATION: BristolLOCATION: United KingdomLOCATION: DenmarkORGANIZATION: New York University Abu DhabiPERSON: Berlin-KreuzbergPERSON: Ann ArborLOCATION: SalamancaPERSON: HerediaLOCATION: Costa RicaLOCATION: CardiffLOCATION: WalesLOCATION: VirginiaLOCATION: United StatesORGANIZATION: WarwickshireLOCATION: LondonLOCATION: United KingdomLOCATION: ZagrebLOCATION: CroatiaLOCATION: North EastLOCATION: EnglandLOCATION: India.LOCATION: Spain.PERSON: PrestonLOCATION: UKLOCATION: BethlehemLOCATION: ECUADORORGANIZATION: Harvard ForestLOCATION: PetershamLOCATION: 0LOCATION: 0LOCATION: PortlandORGANIZATION: British LibraryLOCATION: Oxford UK"ORGANIZATION: Bologna, Italia"LOCATION: GermanyLOCATION: UKPERSON: WienLOCATION: SouthamptonLOCATION: EnglandLOCATION: KidlingtonLOCATION: UKLOCATION: ExeterLOCATION: DevonPERSON: Sant Adriðð de BesPERSON: CataluLOCATION: ReimsPERSON: Champagne-ArdenneLOCATION: USALOCATION: ManilaLOCATION: PhilippinesLOCATION: Des MoinesLOCATION: IowaPERSON: QuLOCATION: 0ORGANIZATION: GroningenLOCATION: NetherlandsLOCATION: CambridgeLOCATION: YorkLOCATION: EnglandLOCATION: KathmanduLOCATION: NepalLOCATION: LeidenLOCATION: BrasilPERSON: QuLOCATION: BolognaLOCATION: AustraliaLOCATION: ColchesterLOCATION: UKPERSON: SchizophrLOCATION: BonnLOCATION: SalamancaORGANIZATION: EspaLOCATION: PisaPERSON: CorkLOCATION: IrelandLOCATION: SouthamptonLOCATION: CatalunyaLOCATION: Los Angeles ðððððLondonLOCATION: PerthLOCATION: Western AustraliaLOCATION: WalesLOCATION: OaklandLOCATION: CALOCATION: USALOCATION: PerthLOCATION: Western AustraliaLOCATION: ExeterLOCATION: EnglandLOCATION: SwarthmoreORGANIZATION: PALOCATION: DurhamLOCATION: UKPERSON: KielLOCATION: HamburgORGANIZATION: CanterburyLOCATION: EnglandPERSON: Frank LykoLOCATION: FairfaxORGANIZATION: NewcastleLOCATION: BelfastLOCATION: DarmstadtLOCATION: College ParkLOCATION: CanberraLOCATION: ChichesterLOCATION: UKORGANIZATION: RennesLOCATION: BethesdaLOCATION: 0PERSON: Den HaagORGANIZATION: European Research AreaORGANIZATION: University of StirlingORGANIZATION: Open UniversityLOCATION: BellaterraLOCATION: SpainLOCATION: HungaryLOCATION: LisbonLOCATION: PortugalLOCATION: MadridLOCATION: SpainLOCATION: 0LOCATION: 0LOCATION: GainesvilleLOCATION: FLLOCATION: Toluca de LerdoLOCATION: Uccle - BrusselsLOCATION: Great BritainLOCATION: EuropeLOCATION: FloridaLOCATION: ManchesterPERSON: MontrLOCATION: VermontLOCATION: FloridaLOCATION: USALOCATION: AmsterdamLOCATION: NetherlandsLOCATION: BristolLOCATION: UKLOCATION: South-East LondonLOCATION: BelgiqueLOCATION: SpainLOCATION: EdgmondLOCATION: EnglandLOCATION: ToulouseLOCATION: FranceORGANIZATION: GroningenLOCATION: NederlandLOCATION: MunichLOCATION: GermanyLOCATION: MinneapolisORGANIZATION: SverigeORGANIZATION: Cardiff UniversityORGANIZATION: RochdaleLOCATION: NorthamptonORGANIZATION: RomaORGANIZATION: Geneva & BrusselsPERSON: RollaLOCATION: MOLOCATION: BerlinLOCATION: AmsterdamORGANIZATION: RennesLOCATION: BretagneLOCATION: OsloLOCATION: NorwayLOCATION: HampshireLOCATION: EnglandPERSON: StroudLOCATION: EnglandLOCATION: HobokenLOCATION: WalesORGANIZATION: PlymouthLOCATION: UKORGANIZATION: Amsterdam & Den HaagLOCATION: IndianaLOCATION: WageningenLOCATION: NetherlandsORGANIZATION: Aix MarseilleORGANIZATION: PACALOCATION: FrankfurtLOCATION: HessenLOCATION: StirlingLOCATION: ScotlandPERSON: MilagroLOCATION: EcuadorLOCATION: BangaloreLOCATION: NederlandLOCATION: SydneyLOCATION: AustraliaLOCATION: StirlingLOCATION: BelgiumLOCATION: Walloon BrabantPERSON: AmesLOCATION: IowaLOCATION: EdinburghLOCATION: ScotlandLOCATION: FlatbushLOCATION: BrooklynLOCATION: NYORGANIZATION: Edinburgh Napier UniversityORGANIZATION: HuddersfieldLOCATION: EnglandLOCATION: ChesterLOCATION: KyotoLOCATION: JapanLOCATION: OxfordshireLOCATION: UKPERSON: LiLOCATION: BelgiumLOCATION: Northern CaliforniaLOCATION: CastlefordLOCATION: UKPERSON: MadisonLOCATION: WisconsinLOCATION: USALOCATION: GermanyLOCATION: Johannesburg South AfricaLOCATION: BaselLOCATION: SwitzerlandLOCATION: 0LOCATION: New ZealandLOCATION: CaliforniaLOCATION: New HampshireLOCATION: TilburgLOCATION: NetherlandsLOCATION: EindhovenLOCATION: NetherlandsLOCATION: TownsvilleLOCATION: QueenslandORGANIZATION: EspaLOCATION: SpainLOCATION: GuayaquilLOCATION: EcuadorLOCATION: GlasgowLOCATION: Scotland.LOCATION: NeussLOCATION: MoscowLOCATION: RussiaORGANIZATION: CanterburyORGANIZATION: KentORGANIZATION: Birmingham & CoventryLOCATION: EnglandORGANIZATION: University of EdinburghORGANIZATION: University of 0ORGANIZATION: LeedsLOCATION: SheffieldLOCATION: Heidelberg GermanyLOCATION: BrisbaneLOCATION: Hong KongLOCATION: Souff East EnglandLOCATION: ToulouseLOCATION: MarylandLOCATION: USALOCATION: KathmanduLOCATION: NepalORGANIZATION: University of BirminghamLOCATION: GlasgowLOCATION: Hong KongLOCATION: CambridgeLOCATION: ManchesterLOCATION: EnglandLOCATION: CanberraLOCATION: AustraliaLOCATION: SwanseaLOCATION: ArlingtonLOCATION: TXORGANIZATION: NewcastleORGANIZATION: SunderlandLOCATION: AustinLOCATION: TexasLOCATION: FavershamLOCATION: LondonORGANIZATION: EUPERSON: MaLOCATION: Minorca IslandLOCATION: SeattleLOCATION: WAORGANIZATION: NLORGANIZATION: University of WinnipegLOCATION: AtlantaLOCATION: OaklandLOCATION: MelbourneLOCATION: IstanbulLOCATION: LondonORGANIZATION: Cardiff MetropolitanLOCATION: South WestLOCATION: MidlandsLOCATION: PittsburghPERSON: HoveLOCATION: UKLOCATION: St AndrewsLOCATION: ScotlandLOCATION: Stirling - GlasgowLOCATION: AustinLOCATION: TXLOCATION: NijmegenLOCATION: PasadenaPERSON: SandyORGANIZATION: PlymouthLOCATION: UKLOCATION: WellingtonLOCATION: PamplonaLOCATION: KensingtonLOCATION: LondonORGANIZATION: University of ToulouseLOCATION: FranceLOCATION: WalloniaLOCATION: BelgiumORGANIZATION: NorgeORGANIZATION: Universitat de BarcelonaPERSON: BirmensdorfLOCATION: UKLOCATION: USLOCATION: Taunton PlaceLOCATION: LondonLOCATION: UKORGANIZATION: La PlataLOCATION: Alpes-MaritimesORGANIZATION: NantesLOCATION: FranceLOCATION: TXLOCATION: JupiterORGANIZATION: AilleursLOCATION: CorvallisLOCATION: OregonORGANIZATION: London & OxfordLOCATION: UKLOCATION: germanyORGANIZATION: NewcastleLOCATION: AustraliaLOCATION: BostonPERSON: Ann ArborLOCATION: MichiganLOCATION: AmsterdamLOCATION: NetherlandsLOCATION: SalamancaORGANIZATION: CastillaPERSON: MuskizORGANIZATION: Basque CountryLOCATION: TilburgPERSON: Den HaagLOCATION: GrazLOCATION: AustriaLOCATION: EarthLOCATION: ArgentinaLOCATION: PerthLOCATION: LesburyLOCATION: NorthumberlandLOCATION: PontevedraORGANIZATION: EspaLOCATION: HawaiiLOCATION: LeipzigLOCATION: HelsinkiLOCATION: FinlandPERSON: BruxellesLOCATION: BelgiqueLOCATION: LyonLOCATION: TampaLOCATION: MilanoLOCATION: PamplonaLOCATION: SednaORGANIZATION: Texas State UniversityLOCATION: BedfordshireLOCATION: BerlinLOCATION: BostonORGANIZATION: Lehigh University Bethlehem PAORGANIZATION: EindhovenLOCATION: NetherlandsORGANIZATION: Northwestern UniversityLOCATION: CambridgeORGANIZATION: F0LOCATION: UKLOCATION: BristolLOCATION: EnglandLOCATION: 0LOCATION: 0LOCATION: North YorkshireORGANIZATION: American TransplantPERSON: JoLOCATION: EindhovenORGANIZATION: Antwerp & LondonLOCATION: New YorkLOCATION: 0LOCATION: EnglandLOCATION: SalfordLOCATION: UKORGANIZATION: Manchester / SalernoLOCATION: KansasLOCATION: USAORGANIZATION: Lille / BalkansLOCATION: ExeterLOCATION: New DelhiLOCATION: DublinLOCATION: IrelandLOCATION: BelgiumLOCATION: TorinoLOCATION: ItalyLOCATION: CambridgeLOCATION: MA USALOCATION: MannheimLOCATION: GermanyLOCATION: New YorkLOCATION: NY USALOCATION: KaneoheLOCATION: FrankfurtPERSON: Saigon-Hamburg-KielLOCATION: PortoLOCATION: PortugalLOCATION: New YorkORGANIZATION: DordrechtLOCATION: BerlinLOCATION: La PlataLOCATION: ArgentinaLOCATION: Pune"LOCATION: Washington, DC"LOCATION: HobartLOCATION: AustraliaPERSON: Sainte-Maure-de-TouraineLOCATION: BrooklynLOCATION: NYLOCATION: LjubljanaLOCATION: 0ORGANIZATION: ON 0PERSON: BridportPERSON: AlnwickLOCATION: NorthumberlandLOCATION: ColumbusLOCATION: 0LOCATION: San FranciscoLOCATION: HolyokeLOCATION: MAORGANIZATION: UCLLOCATION: LondonORGANIZATION: Harvard UniversityLOCATION: New EnglandLOCATION: USALOCATION: BostonLOCATION: MA USALOCATION: LondiniumORGANIZATION: University of SussexLOCATION: EnglandLOCATION: BurnabyLOCATION: 0LOCATION: germanyLOCATION: XalapaLOCATION: VeracruzLOCATION: LjubljanaLOCATION: San FranciscoPERSON: TylerLOCATION: TXORGANIZATION: Universitðð de PoitiersLOCATION: SeattleLOCATION: WashingtonLOCATION: NairobiLOCATION: KenyaLOCATION: LiverpoolLOCATION: TokyoLOCATION: SpringfieldLOCATION: MissouriLOCATION: USLOCATION: MiamiLOCATION: FLORGANIZATION: Salford & LiverpoolLOCATION: ScotlandLOCATION: FreiburgLOCATION: BreisgauLOCATION: VrilissiaLOCATION: GreeceLOCATION: GloucestershireLOCATION: UKLOCATION: BuckinghamshireLOCATION: OsloLOCATION: MunichLOCATION: GermanyLOCATION: BerlinLOCATION: DeutschlandORGANIZATION: Hamburg Chur HannoverLOCATION: NiedersachsenLOCATION: DeutschlandLOCATION: GermanyLOCATION: UKORGANIZATION: OxfordLOCATION: EnglandORGANIZATION: LeedsLOCATION: BuckinghamshireLOCATION: LeedsLOCATION: EnglandORGANIZATION: LeedsLOCATION: UKORGANIZATION: OxfordLOCATION: United KingdomORGANIZATION: LeedsLOCATION: EnglandORGANIZATION: LeedsLOCATION: UKORGANIZATION: BarcelonaLOCATION: BostonLOCATION: BuckinghamshireLOCATION: IndianapolisLOCATION: USALOCATION: AnnapolisPERSON: MatarORGANIZATION: MaresmeORGANIZATION: SFOLOCATION: United StatesPERSON: CorkPERSON: LiLOCATION: BelgiumORGANIZATION: UtrechtLOCATION: NetherlandsLOCATION: BuckinghamshireLOCATION: DominicaLOCATION: West IndiesLOCATION: New YorkLOCATION: NYLOCATION: ViennaLOCATION: AustraliaLOCATION: FranceLOCATION: ParisLOCATION: Paris FranceLOCATION: BrusselsLOCATION: BelgiumLOCATION: BuckinghamshireLOCATION: PortlandLOCATION: PortlandLOCATION: BuckinghamshireLOCATION: AmmanLOCATION: JordanLOCATION: BerkeleyLOCATION: BuckinghamshireLOCATION: New YorkLOCATION: BuckinghamshireLOCATION: BarcelonaLOCATION: SpainLOCATION: Palo AltoLOCATION: CALOCATION: 0LOCATION: 0LOCATION: UKLOCATION: StirlingLOCATION: ScotlandLOCATION: IrelandLOCATION: LondonLOCATION: Denmark HillLOCATION: LondonLOCATION: ScotlandLOCATION: Silicon ValleyLOCATION: LondonLOCATION: San DiegoLOCATION: San DiegoLOCATION: BuckinghamshireLOCATION: AZLOCATION: San DiegoLOCATION: CALOCATION: WashingtonLOCATION: D.C.LOCATION: Pennsylvania"LOCATION: Washington, DC""LOCATION: Washington, DC"LOCATION: San DiegoLOCATION: CALOCATION: IndianapolisLOCATION: Indianapolis"LOCATION: Washington, DC"LOCATION: San DiegoPERSON: MalmLOCATION: SwedenLOCATION: StockholmLOCATION: SwedenLOCATION: SwedenLOCATION: StockholmORGANIZATION: SverigeLOCATION: StockholmLOCATION: SwedenLOCATION: HelsinkiLOCATION: FinlandLOCATION: FinlandORGANIZATION: British UniversityLOCATION: RomeLOCATION: United StatesLOCATION: USLOCATION: BuckinghamshireLOCATION: JeddahLOCATION: SUDANLOCATION: New YorkLOCATION: USALOCATION: New OrleansLOCATION: USALOCATION: NoVALOCATION: LondonLOCATION: UKLOCATION: BuckinghamshireLOCATION: New YorkLOCATION: New YorkLOCATION: BaltimoreLOCATION: MarylandLOCATION: USALOCATION: BostonLOCATION: ECUADORLOCATION: BuckinghamshireLOCATION: BuckinghamshireLOCATION: BaselLOCATION: SwitzerlandLOCATION: BaselLOCATION: SwiterlandLOCATION: BuckinghamshireLOCATION: BuckinghamshireLOCATION: San JoseLOCATION: CaliforniaLOCATION: SaratogaLOCATION: CALOCATION: BeniciaLOCATION: BuckinghamshireLOCATION: FranceLOCATION: ParisLOCATION: BerlinLOCATION: Pointe-NoireLOCATION: CongoLOCATION: AlsaceLOCATION: FranceLOCATION: Blue MountainsLOCATION: AustraliaLOCATION: GrazORGANIZATION: GlobalLOCATION: BuckinghamshireLOCATION: Washington DCLOCATION: SydneyLOCATION: New South WalesLOCATION: FrancePERSON: CatalunyaLOCATION: SydneyLOCATION: New South WalesLOCATION: PortlandLOCATION: LondonLOCATION: LondonLOCATION: New YorkLOCATION: LondonORGANIZATION: Cambridge MALOCATION: ArlingtonLOCATION: TXLOCATION: UKLOCATION: LondonLOCATION: 0LOCATION: GermanyLOCATION: GermanyLOCATION: UKLOCATION: HannoverLOCATION: GermanyLOCATION: DakarLOCATION: Abu DhabiLOCATION: Toluca de LerdoLOCATION: BerlinLOCATION: GermanyLOCATION: TrentoLOCATION: LimanaLOCATION: ItalyLOCATION: FranceORGANIZATION: BarcelonaLOCATION: DetroitLOCATION: IndianaLOCATION: BuckinghamshireLOCATION: MadridORGANIZATION: SevillaORGANIZATION: BetisORGANIZATION: SevillaPERSON: Asturias-Madrid-SpainLOCATION: SpainLOCATION: Port HarcourtLOCATION: Nigeria.LOCATION: Port Harcourt NigeriaLOCATION: Port HarcourtLOCATION: NigeriaLOCATION: AkureLOCATION: WashingtonORGANIZATION: DCLOCATION: United StatesLOCATION: SpainLOCATION: AustriaLOCATION: LondonORGANIZATION: LeedsLOCATION: ManchesterPERSON: AichLOCATION: JapanLOCATION: 0LOCATION: 0LOCATION: BerlinLOCATION: GermanyPERSON: CaryLOCATION: NCLOCATION: PretoriaLOCATION: South AfricaLOCATION: TampaLOCATION: FLORGANIZATION: RennesLOCATION: United KingdomLOCATION: LondonLOCATION: GenevaLOCATION: ColoradoLOCATION: USLOCATION: JyvaskylaLOCATION: FinlandLOCATION: FranceLOCATION: EnglandLOCATION: BuckinghamshireORGANIZATION: LeedsLOCATION: EnglandLOCATION: FranceLOCATION: SydneyLOCATION: AustraliaLOCATION: Sydney AustraliaLOCATION: MelbourneLOCATION: AustraliaLOCATION: MelbourneLOCATION: SydneyLOCATION: OxfordshireLOCATION: UKLOCATION: BuckinghamshirePERSON: SidneyORGANIZATION: Stanford UniversityLOCATION: Southern CaliforniaLOCATION: GermanyLOCATION: LeipzigLOCATION: New YorkLOCATION: PoznanLOCATION: PolandLOCATION: BuckinghamshireORGANIZATION: KarlsruheLOCATION: FrancePERSON: IkegamiLOCATION: TokyoLOCATION: JapanLOCATION: BuckinghamshireLOCATION: FranceLOCATION: FranceLOCATION: FranceLOCATION: AmmanLOCATION: BuckinghamshireLOCATION: San JoseLOCATION: CaliforniaLOCATION: BoulderLOCATION: ColoradoLOCATION: USAPERSON: McCleanORGANIZATION: VAPERSON: 0LOCATION: 0LOCATION: BuckinghamshireLOCATION: FranceLOCATION: FranceLOCATION: MinneapolisLOCATION: San FranciscoLOCATION: BeirutLOCATION: AtlantaLOCATION: GeorgiaLOCATION: USALOCATION: CaracasLOCATION: VenezuelaLOCATION: AtlantaORGANIZATION: StanfordPERSON: Nunc StansLOCATION: GuayaquilLOCATION: EcuadorLOCATION: EarthORGANIZATION: OxfordLOCATION: UKLOCATION: BostonLOCATION: USLOCATION: LondonLOCATION: MoscowLOCATION: RussiaLOCATION: LyonLOCATION: BrisbaneLOCATION: AustraliaLOCATION: IslamabadLOCATION: PakistanLOCATION: USORGANIZATION: MedChemLOCATION: LondonLOCATION: EnglandLOCATION: LondonLOCATION: BlacksburgLOCATION: VAORGANIZATION: Virginia TechLOCATION: PhiladelphiaLOCATION: PennsylvaniaLOCATION: New HampshireLOCATION: USALOCATION: WinnipegLOCATION: 0LOCATION: SomervilleLOCATION: BostonLOCATION: BostonPERSON: DeventerLOCATION: GlasgowLOCATION: Berlin & The HagueLOCATION: BuckinghamshireLOCATION: Ciudad de MexicoLOCATION: WashingtonLOCATION: D.C.LOCATION: LondonLOCATION: FranceLOCATION: LausanneLOCATION: SwitzerlandLOCATION: United KingdomLOCATION: NottinghamORGANIZATION: RWTH Aachen UniversityLOCATION: UKORGANIZATION: Nottingham HQLOCATION: WinnipegLOCATION: 0LOCATION: CambridgeLOCATION: USALOCATION: NetherlandsORGANIZATION: StanfordLOCATION: BuckinghamshireLOCATION: ParisLOCATION: FranceLOCATION: BrazilLOCATION: GermanyLOCATION: UKLOCATION: JacksonvilleLOCATION: FloridaLOCATION: MadridLOCATION: Sydney AustraliaLOCATION: BuckinghamshireLOCATION: FranceLOCATION: SouthamptonLOCATION: EnglandLOCATION: 0LOCATION: Nova ScotiaORGANIZATION: Newcastle Upon TyneLOCATION: EnglandLOCATION: USAORGANIZATION: RomaLOCATION: AthensLOCATION: GreeceLOCATION: BangaloreLOCATION: CambridgeLOCATION: CambridgeLOCATION: FranceORGANIZATION: 0 & Sunshine CoastLOCATION: CataloniaLOCATION: OxfordshireLOCATION: UKLOCATION: WaterloovilleLOCATION: UKLOCATION: BristolLOCATION: UKLOCATION: YorkLOCATION: UKLOCATION: GloucestershireLOCATION: UKLOCATION: UKORGANIZATION: OxfordLOCATION: UKLOCATION: BuckinghamshireLOCATION: NetherlandsLOCATION: NetherlandsPERSON: KalmarLOCATION: SwedenLOCATION: BerlinLOCATION: GermanyLOCATION: UKLOCATION: BerlinLOCATION: BuckinghamshireLOCATION: UKLOCATION: TallahasseeLOCATION: FranceLOCATION: FrancePERSON: PrestonLOCATION: LancashireLOCATION: UKLOCATION: WashingtonORGANIZATION: RennesORGANIZATION: OxfordLOCATION: UKORGANIZATION: OxfordORGANIZATION: University of OxfordLOCATION: DhakaLOCATION: BangladeshLOCATION: IndiaLOCATION: RanchiLOCATION: ColumbiaLOCATION: 0LOCATION: BuckinghamshireLOCATION: BuckinghamshireLOCATION: ArlingtonLOCATION: NairobiLOCATION: KenyaORGANIZATION: Imperial College LondonLOCATION: ParisLOCATION: Ya MamelodiLOCATION: PretoriaLOCATION: South AfricaLOCATION: MelbourneLOCATION: AustraliaLOCATION: LondonLOCATION: BuckinghamshireZoteroLOCATION: FranceLOCATION: GenevaLOCATION: SwitzerlandLOCATION: PittsburghLOCATION: BerlinLOCATION: BostonLOCATION: San FranciscoLOCATION: BarcelonaPERSON: ZikaLOCATION: BerlinLOCATION: BostonLOCATION: San FranciscoPERSON: Zika ZikaOpenLOCATION: GenevaLOCATION: SwitzerlandPERSON: Zika ZikaOpenLOCATION: GenevaLOCATION: SwitzerlandORGANIZATION: Eastern Nazarene CollegeLOCATION: rue de LilleLOCATION: ParisPERSON: WileyLOCATION: PortugalLOCATION: FranceLOCATION: WashingtonLOCATION: DC USAORGANIZATION: WellcomeLOCATION: West DeptfordLOCATION: Czech RepublicLOCATION: BuckinghamshireLOCATION: Los AngelesLOCATION: LondonLOCATION: UKLOCATION: United KingdomLOCATION: CowlingLOCATION: West YorkshireLOCATION: PerthLOCATION: AustraliaLOCATION: DurhamLOCATION: Blue MountainsLOCATION: AustraliaLOCATION: AlsaceLOCATION: FranceLOCATION: BuckinghamshireLOCATION: DevonLOCATION: EnglandLOCATION: MadridLOCATION: SpainLOCATION: SzczecinLOCATION: PolandLOCATION: MarabLOCATION: BrazilLOCATION: NorwichLOCATION: UKLOCATION: ArgentinaLOCATION: Kansas CityLOCATION: ColombiaORGANIZATION: 0 & ColombiaLOCATION: BrasilLOCATION: Pierce FLLOCATION: MexicoORGANIZATION: TorinoLOCATION: PiemonteLOCATION: 0LOCATION: StockholmLOCATION: SwedenLOCATION: ParisORGANIZATION: USAVirginiaTech OpenVTLOCATION: BlacksburgORGANIZATION: VAORGANIZATION: Virginia TechLOCATION: BlacksburgLOCATION: VirginiaLOCATION: ArlingtonLOCATION: VALOCATION: Blacksburg VirginiaLOCATION: BlacksburgLOCATION: BlacksburgLOCATION: BaselLOCATION: SwitzerlandLOCATION: BaselLOCATION: SwiterlandLOCATION: BaselLOCATION: HelsinkiORGANIZATION: SuomiLOCATION: HelsinkiLOCATION: HelsinkiLOCATION: FinlandLOCATION: FinlandLOCATION: AmherstPERSON: KentLOCATION: UKLOCATION: BlacksburgLOCATION: VAORGANIZATION: OxfordLOCATION: EnglandLOCATION: DurhamLOCATION: EnglandORGANIZATION: University of BristolLOCATION: UKLOCATION: LondonLOCATION: BristolLOCATION: SheffieldLOCATION: CincinnatiLOCATION: OhioLOCATION: FranceLOCATION: UkraineLOCATION: EdinburghLOCATION: BritainLOCATION: FranceLOCATION: FranceLOCATION: LondonLOCATION: PortlandLOCATION: UKPERSON: PrestonLOCATION: LancashireLOCATION: UKPERSON: PrestonLOCATION: LancashireORGANIZATION: UK 0 EULOCATION: USLOCATION: 0LOCATION: 0LOCATION: BuckinghamshireLOCATION: CambridgeLOCATION: ChicagoLOCATION: TennesseLOCATION: IndiaLOCATION: MalaysiaLOCATION: LondonLOCATION: UKLOCATION: 0LOCATION: 0LOCATION: GreeceLOCATION: UKLOCATION: IrelandLOCATION: BethesdaLOCATION: ScottsdaleLOCATION: ArizonaLOCATION: WalloniaLOCATION: BelgiumLOCATION: ItalyLOCATION: New YorkLOCATION: NYLOCATION: BuckinghamshireLOCATION: RochesterLOCATION: Los AngelesLOCATION: EUROPEORGANIZATION: TBTLOCATION: Newborn Health UgandaLOCATION: AfricaORGANIZATION: Gweru & LondonLOCATION: StockholmLOCATION: SwedenLOCATION: GlasgowLOCATION: ScotlandLOCATION: New YorkLOCATION: NYLOCATION: BuckinghamshireLOCATION: SingaporeORGANIZATION: Michigan State UniversityLOCATION: BuckinghamshireORGANIZATION: SouthAfrica OpenAccessLOCATION: BuckinghamshireLOCATION: UKLOCATION: 0PERSON: MadisonPERSON: SamarahanLOCATION: SarawakORGANIZATION: Sunset HouseLOCATION: TexasLOCATION: ConnecticutORGANIZATION: LondonShewanellaLOCATION: SpainLOCATION: BerlinLOCATION: BostonLOCATION: San FranciscoLOCATION: BerlinLOCATION: BerlinLOCATION: GermanyLOCATION: BuckinghamshireLOCATION: BerlinLOCATION: GermanyLOCATION: BerlinLOCATION: BerlinLOCATION: BostonLOCATION: San FranciscoLOCATION: BerlinLOCATION: BostonORGANIZATION: Alcalðð de HenaresLOCATION: SpainORGANIZATION: Imperial College LondonLOCATION: Los AngelesLOCATION: CaliforniaLOCATION: United KingdomLOCATION: FremantleLOCATION: WALOCATION: PerthLOCATION: AustraliaORGANIZATION: Ohio State UniversityLOCATION: UKLOCATION: SenegalLOCATION: DresdenLOCATION: GermanyLOCATION: EnglandLOCATION: LondonLOCATION: EnglandORGANIZATION: PlymouthLOCATION: UKLOCATION: BuckinghamshireLOCATION: FranceLOCATION: ParisLOCATION: BerlinLOCATION: BuckinghamshireLOCATION: ParisLOCATION: FranceLOCATION: FranceLOCATION: GermanyLOCATION: BuckinghamshireORGANIZATION: BarcelonaORGANIZATION: GlobalSTMLOCATION: CroatiaLOCATION: Buenos AiresLOCATION: Argentina.LOCATION: SucreLOCATION: ChuquisacaLOCATION: AustinLOCATION: TXLOCATION: Buenos AiresLOCATION: ArgentinaLOCATION: CharlottesvilleLOCATION: BuckinghamshireLOCATION: ParisLOCATION: BuckinghamshireLOCATION: HannoverLOCATION: GermanyLOCATION: GermanyLOCATION: UKLOCATION: 0LOCATION: BelgiumLOCATION: RussiaLOCATION: MoscowLOCATION: RussiaORGANIZATION: ZaragozaORGANIZATION: EspaPERSON: KielORGANIZATION: HamburgResearchORGANIZATION: Newport VA USAResearchLOCATION: New YorkLOCATION: BuckinghamshireLOCATION: FranceLOCATION: BuckinghamshirePERSON: LiLOCATION: BelgiumLOCATION: FranceLOCATION: BuckinghamshireLOCATION: CambridgeLOCATION: FranceLOCATION: FranceLOCATION: EnglandLOCATION: Queen SquareLOCATION: LondonLOCATION: LondonLOCATION: UKLOCATION: BuckinghamshirePERSON: PrestonPERSON: PrestonLOCATION: LancashireLOCATION: UKLOCATION: LondonLOCATION: PrestonLOCATION: EnglandLOCATION: LondonLOCATION: EnglandPERSON: PrestonPERSON: PrestonLOCATION: UKPERSON: PrestonLOCATION: LancashirePERSON: PrestonLOCATION: LancashireLOCATION: LancashireLOCATION: UKORGANIZATION: Brunel UniversityLOCATION: LondonLOCATION: LondonLOCATION: UKLOCATION: SheffieldLOCATION: FranceLOCATION: FranceLOCATION: Laniakea"ORGANIZATION: Buckinghamshire"""Publishing Information DigitalLOCATION: UKLOCATION: WorcesterLOCATION: GlasgowLOCATION: ScotlandLOCATION: CambridgeLOCATION: UKPERSON: 0ORGANIZATION: University of KentLOCATION: 0LOCATION: 0PERSON: QuORGANIZATION: Texas State UniversityLOCATION: SarasotaLOCATION: FLORGANIZATION: OxfordLOCATION: EnglandLOCATION: BrisbaneLOCATION: AustraliaLOCATION: 0LOCATION: Northern CaliforniaLOCATION: VenezuelaLOCATION: ManchesterLOCATION: UKLOCATION: BuckinghamshireLOCATION: New ZealandLOCATION: MelbourneLOCATION: AustraliaLOCATION: Opotiki New ZealandLOCATION: DunedinLOCATION: SingaporeLOCATION: BuckinghamshireLOCATION: PueblaLOCATION: GlasgowLOCATION: ScotlandLOCATION: BuckinghamshireLOCATION: LilleLOCATION: FranceORGANIZATION: Den Haag - BrusselPERSON: Den HaagLOCATION: OsakaLOCATION: JapanLOCATION: United StatesLOCATION: BuckinghamshireLOCATION: GlasgowLOCATION: ScotlandLOCATION: BristolLOCATION: 0LOCATION: 0LOCATION: AustraliaLOCATION: EnglandORGANIZATION: OxfordLOCATION: CharlottesvilleORGANIZATION: VAORGANIZATION: University of 0LOCATION: 0LOCATION: 0LOCATION: 0LOCATION: IndiaLOCATION: BerlinLOCATION: AsturiasPERSON: GaliciaLOCATION: SpainLOCATION: BogotLOCATION: GreenbeltLOCATION: 0LOCATION: 0LOCATION: SofiaLOCATION: BulgariaLOCATION: KenyaLOCATION: UKLOCATION: WashingtonORGANIZATION: ToulouseOpenaccessORGANIZATION: United KingdomOpenaccess SouthAfricaLOCATION: BuckinghamshireLOCATION: RanchiLOCATION: Kenya SudanLOCATION: LilongweLOCATION: MalawiORGANIZATION: 0   ððð Horn Of AfricaLOCATION: SydneyLOCATION: New South WalesLOCATION: BerlinLOCATION: EuropeLOCATION: Boulogne-BillancourtLOCATION: FranceORGANIZATION: BayernLOCATION: San JoseLOCATION: CaliforniaLOCATION: BuckinghamshireORGANIZATION: NantesLOCATION: BarcelonaLOCATION: SpainORGANIZATION: Brighton & HoveLOCATION: UKLOCATION: OsloLOCATION: NorwayLOCATION: ColoradoLOCATION: USLOCATION: BoulderLOCATION: ColoradoLOCATION: USAORGANIZATION: TenerifeLOCATION: SpainLOCATION: 0LOCATION: AustraliaLOCATION: BernPERSON: DavisLOCATION: CALOCATION: IrelandLOCATION: DublinLOCATION: San Francisco Bay AreaLOCATION: LyonLOCATION: YorkLOCATION: UKLOCATION: FrancePERSON: OsservORGANIZATION: TorinoLOCATION: DakarLOCATION: RockvilleLOCATION: BlacksburgLOCATION: BuckinghamshireLOCATION: Cape TownORGANIZATION: OxfordLOCATION: BuckinghamshireLOCATION: BuckinghamshireLOCATION: ShanghaiLOCATION: United KingdomLOCATION: DohaLOCATION: QatarORGANIZATION: OxfordLOCATION: UKLOCATION: PragueLOCATION: Czech RepublicLOCATION: IndiaLOCATION: BuckinghamshireLOCATION: SwedenORGANIZATION: Leeds University LibraryPERSON: LundLOCATION: SwedenLOCATION: SwedesboroLOCATION: BuckinghamshireLOCATION: PeoplesRepublicOfBerkeley USALOCATION: BerlinLOCATION: BerlinLOCATION: BostonLOCATION: StorrsLOCATION: OsloLOCATION: OsloLOCATION: NorwayLOCATION: CopenhagenLOCATION: DenmarkLOCATION: BlacksburgLOCATION: BuckinghamshireLOCATION: WashingtonPERSON: PrestonLOCATION: LancashireLOCATION: UKLOCATION: LausanneLOCATION: VaudLOCATION: SchweizPERSON: BelgienLOCATION: ViennaLOCATION: AustriaLOCATION: germanyLOCATION: BuckinghamshireLOCATION: OsloLOCATION: NorwayORGANIZATION: UniversitetetPERSON: KristansandLOCATION: WashingtonLOCATION: D.C.LOCATION: Indianapolis"LOCATION: Washington, DC"LOCATION: LondonPERSON: ElyLOCATION: LondonLOCATION: LondonLOCATION: ParisLOCATION: DakarLOCATION: VilniusLOCATION: LithuaniaLOCATION: FranceLOCATION: DakarLOCATION: DakarORGANIZATION: Boston CollegeLOCATION: New York CityLOCATION: LyonLOCATION: Buenos AiresPERSON: DentonLOCATION: TexasPERSON: AmesLOCATION: IowaLOCATION: Washington D.C.LOCATION: SwitzerlandLOCATION: UKLOCATION: LombardiaORGANIZATION: OxfordLOCATION: UKLOCATION: DakarLOCATION: SenegalLOCATION: DakarLOCATION: CaballitoLOCATION: ArgentinaPERSON: HebreuxLOCATION: Saint-EtienneLOCATION: FrancePERSON: LejosPERSON: Villiers-St-GeorgesLOCATION: FranceLOCATION: BrusselsLOCATION: ParisPERSON: Paris-CaenLOCATION: FranceLOCATION: ParisLOCATION: ParisLOCATION: FranceLOCATION: FranceORGANIZATION: University of BurundiORGANIZATION: UBLOCATION: FranceLOCATION: EvryLOCATION: DakarLOCATION: 0LOCATION: 0LOCATION: BuckinghamshirePERSON: Cherbourg-en-CotentinLOCATION: BrusselsLOCATION: BelgiumPERSON: ZikaLOCATION: GenevaLOCATION: SwitzerlandLOCATION: BerlinORGANIZATION: NewcastleLOCATION: AustraliaLOCATION: SydneyLOCATION: AustraliaORGANIZATION: City UniversityLOCATION: LondonLOCATION: SydneyLOCATION: Blue MountainsLOCATION: AustraliaLOCATION: BuckinghamshireLOCATION: JohannesburgLOCATION: FremantleLOCATION: WAORGANIZATION: WVS WVSLOCATION: ZagrebLOCATION: CroatiaORGANIZATION: SuomiLOCATION: GothenburgLOCATION: SwedenLOCATION: UkraineLOCATION: GlasgowLOCATION: ScotlandPERSON: Kyiv-BAires-Manc-OxonORGANIZATION: OxfordLOCATION: UKLOCATION: CopenhagenLOCATION: CopenhagenORGANIZATION: University of 0ORGANIZATION: OxfordLOCATION: UKLOCATION: North WestLOCATION: EnglandLOCATION: La HabanaLOCATION: CubaLOCATION: GlasgowLOCATION: ScotlandLOCATION: SenegalLOCATION: RanchiLOCATION: VilniusLOCATION: LithuaniaLOCATION: SenegalLOCATION: LondonLOCATION: UKLOCATION: LondonLOCATION: United KingdomLOCATION: BuckinghamshireLOCATION: TolucaORGANIZATION: NewcastleORGANIZATION: NSW AustraliaLOCATION: MorrisvilleLOCATION: NCPERSON: Moss BeachLOCATION: BerlinLOCATION: BostonLOCATION: LondonORGANIZATION: London & OxfordLOCATION: UKLOCATION: 0LOCATION: 0LOCATION: ManchesterLOCATION: UKORGANIZATION: UCLLOCATION: ViennaLOCATION: AustriaLOCATION: BuckinghamshireLOCATION: UKORGANIZATION: OpenAccess Research ResourcesLOCATION: BuckinghamshireLOCATION: ViennaLOCATION: AustriaLOCATION: BuckinghamshireLOCATION: LondonLOCATION: BuckinghamshireORGANIZATION: APCLOCATION: BuckinghamshireLOCATION: BuckinghamshireLOCATION: 0ORGANIZATION: Texas State UniversityLOCATION: 0LOCATION: 0LOCATION: BuckinghamshireLOCATION: Nova ScotiaLOCATION: 0LOCATION: SenegalLOCATION: DakarLOCATION: AlbanyLOCATION: NYLOCATION: SenegalLOCATION: VilniusLOCATION: LithuaniaLOCATION: DakarLOCATION: MaunLOCATION: BotswanaLOCATION: BarcelonaLOCATION: SpainLOCATION: LisbonLOCATION: BuckinghamshireLOCATION: ViennaLOCATION: AustriaLOCATION: TexasORGANIZATION: Leeds University LibraryOpenAccess OASPERSON: LiLOCATION: BelgiumLOCATION: ArgentinaPERSON: de JaneiroLOCATION: Buenos AiresLOCATION: Buenos AiresLOCATION: FrankfurtLOCATION: LondonLOCATION: BerlinLOCATION: BostonLOCATION: BallaratLOCATION: 0LOCATION: AustraliaLOCATION: New YorkORGANIZATION: Erasmus UniversityLOCATION: RotterdamLOCATION: New HampshireLOCATION: USALOCATION: EuropeLOCATION: BerlinLOCATION: BoisePERSON: MilagroLOCATION: EcuadorLOCATION: MalaysiaLOCATION: MadridLOCATION: SpainLOCATION: LyonLOCATION: BuckinghamshireORGANIZATION: Caltech LibraryLOCATION: BrooklynLOCATION: NYLOCATION: GlasgowLOCATION: ScotlandLOCATION: St. LouisLOCATION: MissouriLOCATION: BuckinghamshireLOCATION: LondonLOCATION: UKLOCATION: 0LOCATION: 0LOCATION: BuckinghamshireLOCATION: LithuaniaLOCATION: OstravaLOCATION: Czech RepublicLOCATION: ThessalonikiLOCATION: BuckinghamshireLOCATION: FinlandLOCATION: Buenos AiresLOCATION: South AfricaLOCATION: BuckinghamshireLOCATION: Blue MountainsLOCATION: AustraliaORGANIZATION: Beautiful Vale of GlamorganLOCATION: ManchesterLOCATION: UKLOCATION: TurnhoutLOCATION: BelgiumORGANIZATION: Hindu Muslim EatonLOCATION: IndiaLOCATION: PerthLOCATION: IndiaORGANIZATION: OpenAccess Hematology OncologyLOCATION: AbingdonLOCATION: BuckinghamshireLOCATION: New YorkLOCATION: NYLOCATION: GlasgowLOCATION: ScotlandLOCATION: HoustonLOCATION: TXORGANIZATION: BuckinghamshireOpenAccess EducationLOCATION: BonnLOCATION: BrusselsLOCATION: SydneyLOCATION: AustraliaLOCATION: BuckinghamshireLOCATION: DakarLOCATION: SenegalORGANIZATION: DundeeLOCATION: UKLOCATION: GlasgowLOCATION: ScotlandLOCATION: WashingtonLOCATION: MadridLOCATION: LondonLOCATION: United KingdomLOCATION: LondonLOCATION: EnglandLOCATION: LondonLOCATION: BeijingLOCATION: LondonLOCATION: BeijingLOCATION: LondonLOCATION: United KingdomLOCATION: DakarLOCATION: Alpes-MaritimesLOCATION: TurkeyLOCATION: BerlinLOCATION: BerlinLOCATION: AfricaLOCATION: South AfricaLOCATION: GautengLOCATION: South AfricaLOCATION: AfricaLOCATION: WashingtonLOCATION: BuckinghamshireLOCATION: MexicoLOCATION: MonterreyLOCATION: BuckinghamshireLOCATION: CopenhagenLOCATION: LondonLOCATION: EnglandORGANIZATION: Australia & NepalLOCATION: United KingdomLOCATION: BuckinghamshireLOCATION: DevonLOCATION: LondonORGANIZATION: GlobalLOCATION: LondonLOCATION: HamburgLOCATION: BangalorePERSON: Votre CerveauLOCATION: BarcelonaLOCATION: SpainLOCATION: ny.LOCATION: KentLOCATION: UKLOCATION: United KingdomLOCATION: BuckinghamshireLOCATION: GlasgowLOCATION: DenmarkLOCATION: 0LOCATION: MadridLOCATION: 0LOCATION: 0ORGANIZATION: EindhovenLOCATION: San FranciscoLOCATION: FranceLOCATION: ManchesterLOCATION: UKLOCATION: BerlinLOCATION: OxfordshireLOCATION: UKLOCATION: CranfordLOCATION: HamburgLOCATION: BerlinLOCATION: DeutschlandLOCATION: Los GatosLOCATION: CALOCATION: WellingtonPERSON: ConcepciLOCATION: ChileLOCATION: Cape TownLOCATION: South AfricaLOCATION: CALOCATION: DublinLOCATION: SeattleLOCATION: WALOCATION: USA"LOCATION: Washington, DC"LOCATION: AustriaLOCATION: BristolLOCATION: UKLOCATION: Port HarcourtLOCATION: Nigeria.LOCATION: DakarORGANIZATION: GlobalLOCATION: LondonLOCATION: EnglandLOCATION: LancasterLOCATION: UKLOCATION: TorinoLOCATION: ItalyLOCATION: LondonLOCATION: SeattleLOCATION: WALOCATION: SydneyLOCATION: AustraliaLOCATION: LondonLOCATION: UKLOCATION: ManhattanLOCATION: KansasLOCATION: Great FallsLOCATION: VALOCATION: NairobiORGANIZATION: PisoLOCATION: 0LOCATION: Metro AtlantaLOCATION: LondonLOCATION: United KingdomLOCATION: PortoLOCATION: PortugalLOCATION: NaauwpoortORGANIZATION: NWPLOCATION: South AfricaLOCATION: RestonLOCATION: VALOCATION: OregonLOCATION: GenevaLOCATION: SwitzerlandLOCATION: NiagaraLOCATION: OsloORGANIZATION: NorgeLOCATION: PasadenaLOCATION: CAORGANIZATION: Caltech LibraryORGANIZATION: InternationalORGANIZATION: Urbana-ChampaignLOCATION: IllinoisLOCATION: YorkLOCATION: EnglandLOCATION: AmsterdamLOCATION: NCLOCATION: FreiburgLOCATION: BreisgauLOCATION: PhiladelphiaLOCATION: MarylandLOCATION: MaineLOCATION: New YorkLOCATION: NYLOCATION: DenverORGANIZATION: COLOCATION: LondonLOCATION: BeijingLOCATION: CambridgeLOCATION: MALOCATION: AtlantaORGANIZATION: GALOCATION: Cambridge MALOCATION: SewaneeLOCATION: BostonLOCATION: MALOCATION: EindhovenLOCATION: NetherlandsLOCATION: USALOCATION: UKORGANIZATION: NiceLOCATION: MalaysiaLOCATION: New York CityORGANIZATION: Imperial College LondonLOCATION: BerlinLOCATION: GermanyLOCATION: GlasgowLOCATION: UKLOCATION: VilniusLOCATION: LithuaniaLOCATION: New OrleansLOCATION: StrasbourgLOCATION: Paris FranceLOCATION: Cape TownLOCATION: FavershamLOCATION: LondonORGANIZATION: EULOCATION: Berlin - BostonLOCATION: SwedenLOCATION: HilversumORGANIZATION: University of MichiganORGANIZATION: National LibraryLOCATION: SwedenPERSON: LansingLOCATION: BrooklynLOCATION: NYORGANIZATION: Hamburg & ZeuthenLOCATION: AfricaLOCATION: Washington DCORGANIZATION: Swansea UniversityLOCATION: WalesLOCATION: UKLOCATION: BrusselsLOCATION: BelgiumORGANIZATION: Rome & BonnLOCATION: NairobiLOCATION: PalmiraLOCATION: Valle del CaucaLOCATION: Czech RepublicPERSON: CorkLOCATION: IrelandLOCATION: OdivelasLOCATION: PortugalLOCATION: MilwaukeeLOCATION: Sao PauloLOCATION: BrazilORGANIZATION: CanandaiguaLOCATION: New YorkLOCATION: BarcelonaLOCATION: OsloLOCATION: LyonLOCATION: FranceLOCATION: UkrainePERSON: KyivORGANIZATION: OxfordLOCATION: UKLOCATION: FranceLOCATION: ParisORGANIZATION: College StationLOCATION: TXLOCATION: RanchiORGANIZATION: Miami UniversityLOCATION: NetherlandsORGANIZATION: FAULOCATION: JapanLOCATION: GuildfordLOCATION: SurreyLOCATION: UKLOCATION: Port HarcourtLOCATION: NigeriaLOCATION: GermanyLOCATION: UKLOCATION: ViennaLOCATION: AustriaLOCATION: HampshireLOCATION: EnglandLOCATION: ParisORGANIZATION: Paris & CologneLOCATION: Paris FranceLOCATION: EuropeORGANIZATION: House of CloudsLOCATION: WalthamstowLOCATION: LondonLOCATION: OkayamaLOCATION: JapanLOCATION: ManchesterLOCATION: PoindimieLOCATION: New CaledoniaLOCATION: South AfricaLOCATION: SwitzerlandLOCATION: SingaporeLOCATION: FinlandORGANIZATION: NorthwichLOCATION: LondonLOCATION: UKLOCATION: ValenciaLOCATION: ParisLOCATION: FranceLOCATION: LyonLOCATION: AlsaceLOCATION: FrancePERSON: MadisonLOCATION: WisconsinLOCATION: DohaLOCATION: QatarORGANIZATION: LeedsLOCATION: UKLOCATION: VrilissiaLOCATION: AtticaLOCATION: GreeceLOCATION: BernLOCATION: SchweizLOCATION: The HagueORGANIZATION: NLORGANIZATION: The WorldLOCATION: CambridgeLOCATION: UKLOCATION: FrankfurtLOCATION: HessenPERSON: DamganLOCATION: TokyoORGANIZATION: Arizona State UniversityLOCATION: PortlandORGANIZATION: Intermountain WestLOCATION: ArcataLOCATION: CAPERSON: CuliacLOCATION: SinaloaLOCATION: LimogesLOCATION: LimousinPERSON: Kreuzberg-MitteLOCATION: BerlinLOCATION: GodalmingLOCATION: EnglandLOCATION: EvanstonLOCATION: 0LOCATION: 0LOCATION: 0LOCATION: Grand RapidsLOCATION: SarasotaLOCATION: FLLOCATION: BradfordLOCATION: EnglandLOCATION: IllinoisLOCATION: USAORGANIZATION: Hauts-de-SeineLOCATION: CambridgeLOCATION: EnglandORGANIZATION: NantesLOCATION: Paris - BruxellesLOCATION: New MexicoLOCATION: USALOCATION: ChinaLOCATION: ToulouseLOCATION: ToulouseLOCATION: FranceLOCATION: RiyadhLOCATION: Saudi ArabiaLOCATION: EdinburgLOCATION: TexasLOCATION: DublinLOCATION: IrelandLOCATION: ShanghaiLOCATION: PRCPERSON: PendergrassLOCATION: ViennaLOCATION: SkopjeLOCATION: MacedoniaLOCATION: YenagoaLOCATION: NigeriaPERSON: NancyLOCATION: SpainLOCATION: StuttgartLOCATION: GermanyLOCATION: YeovilPERSON: NancyORGANIZATION: MetzLOCATION: SeattleLOCATION: WALOCATION: USLOCATION: 0LOCATION: 0LOCATION: MexicoLOCATION: ChicagoLOCATION: CopenhagenLOCATION: CharlotteLOCATION: NCLOCATION: NashvilleLOCATION: OxfordLOCATION: UKLOCATION: St AlbansLOCATION: VermontLOCATION: MelbourneLOCATION: AustraliaLOCATION: Northeast GeorgiaLOCATION: Fitzhardinge StreetPERSON: GrimsORGANIZATION: Universitðð Paris OuestLOCATION: PoitiersLOCATION: Poitou-CharentesLOCATION: 0LOCATION: 0ORGANIZATION: Aix MarseilleORGANIZATION: PACAORGANIZATION: UTORGANIZATION: BLALOCATION: FranceORGANIZATION: LeedsLOCATION: VenezuelaLOCATION: Ile de FranceLOCATION: AustinLOCATION: TexasLOCATION: AvignonLOCATION: FranceLOCATION: OsloLOCATION: NorwayLOCATION: KristansandLOCATION: OregonLOCATION: CataloniaLOCATION: SpainLOCATION: OmahaLOCATION: NebraskaLOCATION: BostonORGANIZATION: MA & WashingtonLOCATION: DCLOCATION: ArlingtonLOCATION: VA  USAORGANIZATION: Somerset WestLOCATION: EnglandLOCATION: CornwallLOCATION: 0LOCATION: 0LOCATION: Kuala Lumpur/MalaysiaORGANIZATION: AberdeenLOCATION: ScotlandLOCATION: TriesteORGANIZATION: Friuli-Venezia GiuliaLOCATION: 0LOCATION: EarthLOCATION: ColumbusLOCATION: JaliscoLOCATION: WinnipegLOCATION: 0LOCATION: GermanyLOCATION: BerlinLOCATION: BerkeleyLOCATION: ExeterLOCATION: Oklahoma CityLOCATION: TulsaORGANIZATION: University of DundeeORGANIZATION: La PlataLOCATION: EnglandLOCATION: TurkeyLOCATION: South WestLOCATION: EnglandLOCATION: DelftLOCATION: 0LOCATION: 0LOCATION: SenegalLOCATION: Blue MountainsLOCATION: AustraliaLOCATION: 0LOCATION: AustraliaLOCATION: AustraliaLOCATION: VrilissiaLOCATION: GreeceLOCATION: Tai0ORGANIZATION: AalborgLOCATION: NetherlandsLOCATION: IndiaLOCATION: CaliforniaLOCATION: USALOCATION: 0LOCATION: 0LOCATION: HeidelbergLOCATION: CaliforniaLOCATION: New HampshireLOCATION: BloomsburyLOCATION: LondonLOCATION: Washington D.C.LOCATION: BrisbaneLOCATION: QueenslandLOCATION: InnsbruckLOCATION: DarmstadtLOCATION: DurhamLOCATION: NCPERSON: P. J. LewisLOCATION: CONEY ISLANDLOCATION: 0LOCATION: L.A.LOCATION: Maple RidgeLOCATION: 0LOCATION: NijmegenLOCATION: NederlandLOCATION: ColumbiaLOCATION: MOORGANIZATION: CanterburyLOCATION: UKLOCATION: La TierraORGANIZATION: OxfordLOCATION: EnglandLOCATION: Mainz - Darmstadt - BerlinLOCATION: SheffieldLOCATION: Tenerife ððð SpainORGANIZATION: NiortLOCATION: Poitou-CharentesLOCATION: LausanneLOCATION: SwitzerlandLOCATION: KingstonPERSON: HullLOCATION: UKLOCATION: EnglandLOCATION: United KingdomLOCATION: ManchesterLOCATION: EnglandLOCATION: BurlingtonORGANIZATION: DC Metro AreaLOCATION: StirlingLOCATION: BirminghamLOCATION: UKLOCATION: RigaLOCATION: AlexandriaORGANIZATION: Louvain-la-NeuveLOCATION: BelgiumORGANIZATION: London & OxfordLOCATION: UKLOCATION: LeicesterLOCATION: UKLOCATION: BristolLOCATION: StrasbourgORGANIZATION: DundeeORGANIZATION: SchillerplatzPERSON: WienORGANIZATION: NewcastlePERSON: TyneLOCATION: UKLOCATION: ReimsPERSON: Champagne-ArdenneORGANIZATION: NLLOCATION: AthensLOCATION: GreeceLOCATION: Aix-en-ProvenceLOCATION: FranceLOCATION: GermanyLOCATION: Gold CoastLOCATION: BoiseLOCATION: BelgiumLOCATION: FranceLOCATION: Grande BleueLOCATION: ScotlandLOCATION: DresdenLOCATION: MinneapolisLOCATION: DublinLOCATION: IrelandLOCATION: RotterdamORGANIZATION: Gouda  NederlandORGANIZATION: BarcelonaORGANIZATION: PalmaLOCATION: Public Health EnglandLOCATION: ParisORGANIZATION: UPECLOCATION: LondonLOCATION: UKLOCATION: TorinoLOCATION: PiemonteLOCATION: Orange CountyLOCATION: CaliforniaLOCATION: London UK"LOCATION: Altadena California, USA"LOCATION: LimaLOCATION: New York ððð OxfordLOCATION: MarylandLOCATION: U.S.LOCATION: CambridgeLOCATION: MA USALOCATION: MarseilleLOCATION: FranceLOCATION: 0LOCATION: 0LOCATION: RegensburgORGANIZATION: University of CambridgeLOCATION: KidlingtonLOCATION: UKLOCATION: DresdenLOCATION: SachsenLOCATION: GermanyLOCATION: SaratogaLOCATION: CALOCATION: EdinburghLOCATION: United KingdomORGANIZATION: RomaLOCATION: ItalyLOCATION: EdinburghLOCATION: StockholmORGANIZATION: Global ServicesLOCATION: Wyoming State LibraryLOCATION: ECUADORLOCATION: CambridgeORGANIZATION: DundeeLOCATION: UKLOCATION: BelfastLOCATION: LoganLOCATION: UtahLOCATION: CharlottesvilleLOCATION: VirginiaLOCATION: HeidelbergLOCATION: GermanyORGANIZATION: Lancaster UniversityPERSON: LouthLOCATION: IrelandLOCATION: OsloLOCATION: NorwayLOCATION: UKLOCATION: St AndrewsLOCATION: ScotlandLOCATION: UKLOCATION: SalfordLOCATION: EnglandPERSON: LorraineLOCATION: FranceLOCATION: BallaratLOCATION: 0LOCATION: AustraliaLOCATION: EnglandLOCATION: BridgendLOCATION: Port TalbotLOCATION: EdinburghLOCATION: UKLOCATION: New YorkLOCATION: MadridLOCATION: TokyoLOCATION: UrbanaLOCATION: ILORGANIZATION: EssexLOCATION: LondonORGANIZATION: LiverpoolLOCATION: LeidenLOCATION: NetherlandsPERSON: PrestonLOCATION: LancashirePERSON: PrestonLOCATION: LancashireLOCATION: UKLOCATION: ViennaLOCATION: AustriaLOCATION: LondonLOCATION: United KingdomLOCATION: 0LOCATION: 0LOCATION: LondonLOCATION: BeijingLOCATION: UKLOCATION: DublinLOCATION: LondonLOCATION: KingstonLOCATION: JamaicaLOCATION: BuckinghamshireLOCATION: ExeterLOCATION: DublinLOCATION: LondonORGANIZATION: New York & LondonLOCATION: DublinLOCATION: LondonLOCATION: DublinLOCATION: BuckinghamshireLOCATION: BuckinghamshireLOCATION: SloveniaLOCATION: SloveniaLOCATION: LjubljanaLOCATION: BrasilLOCATION: ParisLOCATION: FranceLOCATION: San Francisco Bay AreaLOCATION: San MateoLOCATION: New HampshireLOCATION: USAORGANIZATION: University of LeedsORGANIZATION: Leeds University LibraryORGANIZATION: LeedsLOCATION: EnglandORGANIZATION: LeedsLOCATION: UKLOCATION: BuckinghamshireORGANIZATION: Leeds University LibraryLOCATION: North WalesLOCATION: GlasgowLOCATION: CambridgeLOCATION: UKLOCATION: NorthamptonLOCATION: Rio de JaneiroLOCATION: BrasilLOCATION: DentonLOCATION: TexasLOCATION: ArlingtonLOCATION: TXLOCATION: Mountain ViewLOCATION: RochesterLOCATION: NYLOCATION: 0LOCATION: LondonLOCATION: SwanseaLOCATION: WalesLOCATION: UKPERSON: PrestonLOCATION: LancashireLOCATION: UKLOCATION: BuckinghamshireLOCATION: TrentoLOCATION: AtticaLOCATION: GreeceLOCATION: ParisLOCATION: FranceLOCATION: AmsterdamORGANIZATION: Potomac FallsLOCATION: VirginiaLOCATION: United StatesLOCATION: New YorkLOCATION: NYLOCATION: IthacaLOCATION: NYLOCATION: WALOCATION: United KingdomLOCATION: SydneyLOCATION: New South WalesLOCATION: 0LOCATION: 0LOCATION: 0LOCATION: KnoxvilleLOCATION: LondonLOCATION: UKORGANIZATION: OxfordLOCATION: UKLOCATION: BuckinghamshireLOCATION: County KildareLOCATION: IrelandLOCATION: AustraliaPERSON: KentLOCATION: NetherlandsLOCATION: AustriaLOCATION: AustraliaLOCATION: CambridgeLOCATION: BuckinghamshireLOCATION: CincinnatiLOCATION: AustraliaLOCATION: BerlinLOCATION: ViennaLOCATION: AustriaLOCATION: FranceLOCATION: HampshireLOCATION: EnglandPERSON: PrestonLOCATION: LancashireLOCATION: UKLOCATION: Glasgow"LOCATION: Washington, DC"PERSON: AmesLOCATION: IALOCATION: BaltimoreLOCATION: UKLOCATION: ChicagoORGANIZATION: OxfordLOCATION: UKLOCATION: EdinburghLOCATION: AustraliaORGANIZATION: La PlataLOCATION: ArgentinaLOCATION: BuckinghamshireORGANIZATION: Nigerian Research OpenAccess JournalsLOCATION: LagosLOCATION: NigeriaLOCATION: CalabarLOCATION: FrancePERSON: JohnORGANIZATION: NLLOCATION: 0"LOCATION: Washington, DC"LOCATION: ZaragozaLOCATION: ZurichORGANIZATION: SuizaORGANIZATION: OxfordLOCATION: UKLOCATION: BostonLOCATION: USORGANIZATION: LoughboroughLOCATION: LondonLOCATION: FranceLOCATION: China AsiaORGANIZATION: EspaORGANIZATION: EspaLOCATION: BarcelonaLOCATION: ArgentinaLOCATION: GranadaPERSON: NavegandoLOCATION: BarcelonaLOCATION: CatalunyaORGANIZATION: BarcelonaLOCATION: LondonLOCATION: UKLOCATION: BuckinghamshirePERSON: SoriaLOCATION: SpainLOCATION: ShanghaiLOCATION: ChinaPERSON: GentLOCATION: BelgiLOCATION: TU DelftLOCATION: Hong KongLOCATION: AbingdonLOCATION: UKLOCATION: FranceLOCATION: MYANMARLOCATION: VilniusLOCATION: LithuaniaORGANIZATION: MFLLOCATION: UKLOCATION: FrancePERSON: LockyLOCATION: FranceLOCATION: West Palm BeachLOCATION: FLLOCATION: LithuaniaLOCATION: SenegalLOCATION: FormbyLOCATION: LancashireLOCATION: HilversumLOCATION: Noord-HollandLOCATION: DakarLOCATION: LithuaniaLOCATION: VilniusLOCATION: LithuaniaPERSON: LibertððDePanoramaLOCATION: FrancePERSON: LeibnizLOCATION: FranceLOCATION: ParisLOCATION: FrancePERSON: Ann ArborLOCATION: MichiganLOCATION: ChileLOCATION: BuckinghamshireLOCATION: GlasgowLOCATION: ScotlandORGANIZATION: RomaLOCATION: QuitoLOCATION: EcuadorLOCATION: BogotLOCATION: BostonLOCATION: 0LOCATION: 0LOCATION: FormbyORGANIZATION: LancashireLOCATION: FinlandLOCATION: ArlingtonLOCATION: TXLOCATION: MinneapolisLOCATION: GlasgowLOCATION: LouisvilleLOCATION: MilagroLOCATION: EcuadorLOCATION: GermanyLOCATION: UKORGANIZATION: MontpellierORGANIZATION: The WorldLOCATION: Buenos AiresLOCATION: IrelandLOCATION: FranceLOCATION: BerlinORGANIZATION: Kulturgutschutz CitizenScienceLOCATION: GermanyORGANIZATION: Silicon ValleyKarakoram OpenAccessLOCATION: KathmanduLOCATION: NepalLOCATION: BuckinghamshireLOCATION: United KingdomPERSON: KaradzicLOCATION: LondonLOCATION: FranceLOCATION: GlasgowLOCATION: ScotlandLOCATION: WorcesterLOCATION: IndianaLOCATION: GlasgowLOCATION: ScotlandLOCATION: FranceLOCATION: SpainLOCATION: BuckinghamshireORGANIZATION: SevillaLOCATION: Dublin CityLOCATION: IrelandLOCATION: InternationalIrelandLOCATION: AfricaLOCATION: DublinLOCATION: IrelandLOCATION: IrelandLOCATION: BuckinghamshireLOCATION: BlacksburgLOCATION: EuropeLOCATION: Cape TownORGANIZATION: RSALOCATION: Cape TownLOCATION: Sydney AustraliaLOCATION: SydneyLOCATION: AustraliaLOCATION: BuckinghamshireLOCATION: FrancePERSON: TomLOCATION: ChileLOCATION: Staten IslandLOCATION: NYLOCATION: USALOCATION: JAPANLOCATION: NeuriedLOCATION: BayernLOCATION: IstanbulLOCATION: AnkaraLOCATION: PortlandORGANIZATION: Humboldt KosmosLOCATION: BerlinLOCATION: LondonLOCATION: CambridgeLOCATION: UKORGANIZATION: OxfordLOCATION: UKLOCATION: BuckinghamshireLOCATION: China AsiaORGANIZATION: EspaLOCATION: ArgentinaLOCATION: GranadaLOCATION: LondonLOCATION: TampaLOCATION: BuckinghamshireLOCATION: ColumbiaLOCATION: 0ORGANIZATION: InternationalLOCATION: BuckinghamshireLOCATION: AustralasiaLOCATION: Sydney AustraliaLOCATION: BuckinghamshireLOCATION: 0LOCATION: AustraliaORGANIZATION: University of WarwickPERSON: RuardeanLOCATION: GloucestershireLOCATION: UKLOCATION: BuckinghamshireLOCATION: SwanseaLOCATION: WalesLOCATION: UKLOCATION: GlasgowLOCATION: ScotlandLOCATION: Hong KongLOCATION: BristolLOCATION: AthensLOCATION: OstravaLOCATION: Czech RepublicLOCATION: Port HarcourtLOCATION: NigeriaLOCATION: Port HarcourtLOCATION: NigeriaLOCATION: Port Harcourt NigeriaLOCATION: BuckinghamshireLOCATION: WashingtonLOCATION: LondonORGANIZATION: University of BristolLOCATION: UKLOCATION: BristolLOCATION: United StatesLOCATION: DohaLOCATION: QatarPERSON: Milton KeynesLOCATION: UKPERSON: Milton KeynesLOCATION: EnglandPERSON: Milton KeynesLOCATION: EnglandLOCATION: AustraliaLOCATION: FrancePERSON: FukushimaLOCATION: BuckinghamshireLOCATION: BuckinghamshireLOCATION: Cape TownLOCATION: South AfricaLOCATION: BuckinghamshireLOCATION: OdivelasLOCATION: PortugalLOCATION: San FranciscoLOCATION: BuckinghamshireORGANIZATION: La PlataPERSON: KentLOCATION: UKLOCATION: BaselLOCATION: SwitzerlandORGANIZATION: TBTORGANIZATION: University of WaterlooLOCATION: PiemonteLOCATION: BlacksburgLOCATION: ThailandLOCATION: GreeceLOCATION: Pereira ColombiaLOCATION: LondonLOCATION: LondonLOCATION: UKLOCATION: LondonLOCATION: FranceLOCATION: BostonLOCATION: New YorkLOCATION: NYLOCATION: CharlottesvilleORGANIZATION: OxfordLOCATION: UKLOCATION: BuckinghamshireLOCATION: EuropeLOCATION: FranceLOCATION: TucsonLOCATION: AZLOCATION: RomeLOCATION: ItalyLOCATION: LondonLOCATION: New YorkORGANIZATION: Lancaster UniversityORGANIZATION: NewcastleORGANIZATION: NSW AustraliaORGANIZATION: LausanneElsevierLOCATION: ViennaLOCATION: ViennaLOCATION: AustriaLOCATION: TrentoLOCATION: BuckinghamshireLOCATION: GlasgowLOCATION: CologneLOCATION: GermanyLOCATION: DentonLOCATION: TexasLOCATION: RegensburgPERSON: WileyLOCATION: LondonLOCATION: FranceORGANIZATION: FAULOCATION: LondonLOCATION: UKLOCATION: LagosLOCATION: United StatesLOCATION: LondonLOCATION: UKLOCATION: The HagueORGANIZATION: Utrecht EULOCATION: UkraineLOCATION: HelsinkiLOCATION: FinlandLOCATION: TampereLOCATION: ItalyLOCATION: TurnhoutLOCATION: BelgiumLOCATION: FranceLOCATION: BourgogneLOCATION: ParisLOCATION: GuatemalaLOCATION: GuatemalaLOCATION: BloomingtonLOCATION: BuckinghamshireORGANIZATION: University of 0PERSON: LiLOCATION: BelgiumLOCATION: LyonLOCATION: FranceLOCATION: BuckinghamshireORGANIZATION: MedChemLOCATION: LondonLOCATION: EnglandORGANIZATION: OxfordLOCATION: BerlinLOCATION: BerlinLOCATION: DeutschlandLOCATION: BerlinLOCATION: EdinburghLOCATION: UKLOCATION: JapanLOCATION: BuckinghamshireLOCATION: AlcobendasPERSON: Comunidad de MadriLOCATION: MacedoniaLOCATION: FranceLOCATION: ValenciaLOCATION: BrightonPERSON: PrestonLOCATION: LancashireLOCATION: UKLOCATION: SenegalLOCATION: DakarLOCATION: SENEGALLOCATION: DakarLOCATION: VilniusLOCATION: LithuaniaLOCATION: Leuven BelgiumLOCATION: Potomac FallsLOCATION: VirginiaLOCATION: CameroonLOCATION: DakarLOCATION: KampalaLOCATION: UgandaLOCATION: DakarLOCATION: SenegalLOCATION: DakarLOCATION: IthacaPERSON: RenoORGANIZATION: DLILOCATION: GrenobleORGANIZATION: RennesLOCATION: FrancePERSON: RochaLOCATION: UruguayLOCATION: Croatia IsraelLOCATION: BrusselsLOCATION: Buenos AiresLOCATION: ArgentinaLOCATION: GuanajuatoLOCATION: Potomac FallsLOCATION: VirginiaLOCATION: LondonLOCATION: BuckinghamshireLOCATION: GlasgowLOCATION: ScotlandLOCATION: NetherlandsLOCATION: HilversumLOCATION: Noord-HollandLOCATION: UKLOCATION: LeidenLOCATION: LeidenLOCATION: NetherlandsLOCATION: SantiagoLOCATION: ChileLOCATION: Cape TownLOCATION: South AfricaORGANIZATION: OxfordLOCATION: UKLOCATION: BuckinghamshireLOCATION: GenevaLOCATION: TorinoLOCATION: ChinaLOCATION: BeijingORGANIZATION: BarcelonaLOCATION: GranadaORGANIZATION: EspaLOCATION: BarcelonaLOCATION: GranadaPERSON: NavegandoLOCATION: BadalonaLOCATION: OsakaLOCATION: JapanORGANIZATION: BusanLOCATION: CoreaPERSON: CartographieLOCATION: FrancePERSON: CartelLand PublicidadORGANIZATION: Las Palmas de Gran CanariaORGANIZATION: OxfordLOCATION: EnglandLOCATION: Washington StateLOCATION: USALOCATION: RaleighLOCATION: NCLOCATION: BuckinghamshireLOCATION: United StatesLOCATION: Washington StateLOCATION: USALOCATION: BethpageLOCATION: NYLOCATION: HoustonLOCATION: TexasLOCATION: United KingdomCaliforniaLOCATION: rue de LilleLOCATION: ParisLOCATION: ColombiaLOCATION: LondonLOCATION: UKLOCATION: LondonLOCATION: BeijingLOCATION: IndiaLOCATION: CaracasLOCATION: VenezuelaORGANIZATION: United NationsLOCATION: New YorkLOCATION: USALOCATION: CocoritLOCATION: Sonora.LOCATION: San Jose - Costa RicaPERSON: NeuquLOCATION: ArgentinaLOCATION: CaribeLOCATION: Argentina JujuyLOCATION: GuanajuatoLOCATION: VenezuelaLOCATION: SenegalLOCATION: DakarLOCATION: VilniusLOCATION: LithuaniaLOCATION: PoitiersLOCATION: FranceORGANIZATION: CFPLOCATION: RegensburgLOCATION: BuckinghamshireORGANIZATION: Leamington SpaLOCATION: 0LOCATION: 0PERSON: BurnsLOCATION: 0LOCATION: AustraliaLOCATION: AustraliaLOCATION: Sydney AustraliaORGANIZATION: Bromodomains MedChemLOCATION: LondonLOCATION: EnglandLOCATION: StockholmLOCATION: SwedenLOCATION: LausanneLOCATION: SwitzerlandLOCATION: LondonLOCATION: BarcelonaLOCATION: BuckinghamshireLOCATION: LondonLOCATION: UKLOCATION: UKLOCATION: ParisLOCATION: SF Bay AreaLOCATION: BostonLOCATION: NiagaraLOCATION: San FranciscoLOCATION: LondonLOCATION: ItalyLOCATION: San FranciscoLOCATION: CALOCATION: DublinLOCATION: IrelandLOCATION: BuckinghamshireLOCATION: LondonLOCATION: United KingdomLOCATION: LondonLOCATION: BeijingLOCATION: LondonLOCATION: UKLOCATION: CopenhagenLOCATION: DenmarkLOCATION: BuckinghamshireLOCATION: LondonLOCATION: BeijingLOCATION: LondonLOCATION: UKPERSON: CuliacLOCATION: SinaloaLOCATION: LondonLOCATION: United KingdomLOCATION: New HampshireLOCATION: USALOCATION: BuckinghamshirePERSON: Sandy HookLOCATION: CT USALOCATION: BuckinghamshireLOCATION: BuckinghamshirePERSON: Sandy HookLOCATION: CT USALOCATION: BerlinLOCATION: BerlinLOCATION: DeutschlandLOCATION: BremenLOCATION: BerlinLOCATION: BerlinORGANIZATION: KarlsruheLOCATION: GermanyLOCATION: KarlshorstLOCATION: BerlinLOCATION: BuckinghamshireLOCATION: HamburgLOCATION: BerlinLOCATION: BuckinghamshirePERSON: MadisonORGANIZATION: BarcelonaLOCATION: BerkeleyLOCATION: BuckinghamshireLOCATION: EuropeLOCATION: Asia - PacificLOCATION: JapanLOCATION: Los AngelesLOCATION: Rio de JaneiroLOCATION: BrazilLOCATION: TriesteLOCATION: ItalyLOCATION: MilanLOCATION: LombardyORGANIZATION: LenguaORGANIZATION: Universidad de AlcalððArte Asia ChinaORGANIZATION: BarcelonaLOCATION: GranadaORGANIZATION: EspaLOCATION: GranadaORGANIZATION: BarcelonaLOCATION: GranadaORGANIZATION: BusanLOCATION: CoreaLOCATION: SiegenLOCATION: GermanyLOCATION: BuckinghamshireLOCATION: HamburgORGANIZATION: Boston UniversityLOCATION: BostonORGANIZATION: University of YorkORGANIZATION: Boston UniversityLOCATION: BostonPERSON: HullLOCATION: EnglandLOCATION: LondonLOCATION: GlasgowLOCATION: FranceLOCATION: SpainLOCATION: MadridLOCATION: MadridLOCATION: CroatiaLOCATION: DakarLOCATION: EcuadorLOCATION: Salt Lake CityORGANIZATION: UTLOCATION: LondonLOCATION: EnglandLOCATION: Palo AltoLOCATION: LancashireLOCATION: New MexicoLOCATION: USALOCATION: MelbourneLOCATION: AustraliaLOCATION: SeattleLOCATION: CambridgeLOCATION: UKLOCATION: GlasgowLOCATION: LondonLOCATION: ChelmsfordORGANIZATION: MA USA NALOCATION: Addis AbabaLOCATION: EthiopiaORGANIZATION: University of GeorgiaPERSON: MadisonLOCATION: WisconsinLOCATION: GeorgiaLOCATION: BuckinghamshireLOCATION: FranceORGANIZATION: UAEPERSON: Abu Dhabi